date,title,source,tier,url,nodes,snippet
2026-08-15,東京国立近代美術館 新館長に北山浩士氏 - mc-jpn.com,mc-jpn.com,secondary,https://news.google.com/rss/articles/CBMiSEFVX3lxTE03QTdqbHdqcHBmWEU0Nl9aRUphOWZPNVJVZlllQkItTUlKSzFQMzJvVUNCOVRWNjVoTU9qNnJaWjg5ZmhyMmJUZQ?oc=5,,
2026-08-15,学芸員になりきって展示資料PR 延岡城・内藤記念博物館で体験イベント,47NEWS,secondary,https://news.google.com/rss/articles/CBMiS0FVX3lxTE5GSHY4ZS1yMnVOak9palpkT0pNUVAya2dhN0tXZjhiOG1vU1c5WFJOTFVTVGZNSzZkQ0dYZkhOS3pXbUFSTWZ6b2labw?oc=5,博物館 資料,
2026-08-15,SLパレオエクスプレス「SL日本遺産のまち行田号」への乗車と静態保存SL「C57 26」と「C11 322」を見学するツアーがローソントラベルより登場,千葉テレビ放送,secondary,https://news.google.com/rss/articles/CBMiX0FVX3lxTE1Va3hFOFo5NVQyV1E5bXlzMjF2dzR0R2o2ZDBmN0RyeHhZUUFfR2RVTG5jZE5YdzRIbWtJSUJYSEl1TVM4WU0ya2QwV0g1d3gyTVdjQUZ3T18yeU9LUmpj?oc=5,日本遺産 保存,
2026-08-15,2026年にクアンチ省で開催されるカインホア文化観光デーの開会式に向けた全体リハーサル。,Vietnam.vn,secondary,https://news.google.com/rss/articles/CBMipAFBVV95cUxNTEdpMnBkeG9WRFhxOHpqTkRlZkdUM1ZnNXJ2d25ERExVQWsyLXhKblF6R3BSWUlMU3VJR3dQTlo5YnJsSVc1SUd0OWJrQUFxY3lKaDhhSjJ0NGs0ZDhnbDZNN0RrRmV3Yzl5SFUyZnpxUjliOTF3MzltREh0dUdqNlNzQXR2ZVkzREFHcTdvRmVZZHdNbnFyUWNBSzZjQjROVlpOZw?oc=5,向ける,
2026-08-14,日本遺産・吹屋地区をPRして 高梁市推進協が認定商品、サービス募集,山陽新聞,secondary,https://news.google.com/rss/articles/CBMib0FVX3lxTFBlMFBjcVZLZ2VnMTlOUmp6Rmc4c0plcllGR2tSLUlJOGdrbGUzZ2prcngxLTFneEFJcUR0ZDVQdW9DbkRfdWtBa2J4bDQzRFlhQk44VG8tX1hZTHgwMFNQWERZdjdmQXU1RktHUkE2Yw?oc=5,日本遺産 認定,
2026-08-14,日本遺産「鯨とともに生きる」認定10周年記念 スタンプラリー開催(朝日新聞),Yahoo!ニュース,secondary,https://news.google.com/rss/articles/CBMif0FVX3lxTFB4NW1ZRkRpLVE4Y3FfcGYxdjl1bU5xeWlLanprY2VHUlppM0pIUmJPQjFFTEVfNXVJQ2NvM0lyWEdHTFZTcm1lNmNTNWVZZTl0VWhjQml6T1pNdjN6WlhtRHJzSlA0WEdJU1E1M3YycU5GNzJqUDFKWG1Mb0NSWnc?oc=5,日本遺産 周年記念 生きる 認定,
2026-08-14,日本遺産「鯨とともに生きる」認定10周年記念 スタンプラリー開催 [和歌山県],朝日新聞,secondary,https://news.google.com/rss/articles/CBMikwFBVV95cUxQUW9KRmVsV3JTMS05cjM5MWYzRTB0Vk5kbnQ2UkZOVXNLNHo3dGdSanVRaE05SldORF9UTVBZQ0ROOWI4RlFxbC16QVZLczBxZ3lKeXh2ajhaN3ZhV3JhTDhoM2hxMXlEc0tBajlJaXNPOGZjbTFZRURyYWpWaUxIUTJKUW5rWHBhYl96Ykt1Zi15YmM?oc=5,日本遺産 周年記念 生きる 認定,
2026-08-14,日本遺産「鯨とともに生きる」認定10周年記念 スタンプラリー開催 (朝日新聞),Yahoo!ニュース,secondary,https://news.google.com/rss/articles/CBMijgFBVV95cUxQUl83enFUb2J1UUN5eWFvLUcyckZnYWNpNE5ETnZKMUZiQnVHNXBLeFdfTnlsZmU5bUtKRHpLYXh3TU1fNmlZMG5OZFRzQUU3eEZLMlEtRGxUdmlyNmo4SHJLT0xJb05VckpReUpzSGs1dkI3TTRlam9ycXVGQ0ZGLXdrOVRvOGhVYmVVUTdR?oc=5,日本遺産 周年記念 生きる 認定,
2026-08-14,日本遺産「鯨とともに生きる」スタンプラリー/和歌山,article.auone.jp,secondary,https://news.google.com/rss/articles/CBMieEFVX3lxTE90ZEJzY2VWUFUxbzB5bV9TaDRoak12WTh6QXJLM1VKVXIzMnd1ejlXYkJ6UjMybzVFS0todHpfNEowZFlZZ3JrVmU4MUo5ZTlHUWpmQmlYeHc4UTNnNXFzeHBFemtOekhBS1lGRk8wZEFieDdMZ0d1cA?oc=5,日本遺産 生きる,
2026-08-14,国慶節期間中は文化観光が活況を呈し、ハノイ、ホーチミン市、沿岸部の観光地には多くの観光客が訪れる。,Vietnam.vn,secondary,https://news.google.com/rss/articles/CBMitAFBVV95cUxPbVY0TFd3bkhIQjJJX240VDJiVHMyb1l0RHMzeTZhT204ZXl3b1hsQlk2UlpKUVRab3QxSDJ1S2IzNTNvVmN6NjctSXJwblpGVmRxMDRYYmJ3OFNkRG4zb1RjNktqc2E2bTZYTXZCRTRTdk04Nk1yNG1Od1FZYWlEdk1oUFBlcUY1SkdwRnhvSjJUNF9lRW5VYk9jLU5rOU5EWXByLXVMMkRaWFBTUS1DWUZnUGQ?oc=5,,
2026-08-14,全国の博物館が「追いつめられた」 戦争資料の廃棄も選択肢...「最終手段」現場の葛藤 - tokyo-np.co.jp,tokyo-np.co.jp,secondary,https://news.google.com/rss/articles/CBMiU0FVX3lxTFA0MnZ2RmpSRE5tdkQ3SlhndXNEMk5vYmJjRG5nSGdGZ2dFY1lyVklkLUNDcjFXUFN2TzM2RkMxQ3JGX3BCOU9mUkVnNnRCQVFPLWdF?oc=5,博物館 廃棄 資料,
2026-08-14,「高校の先生に勧められて何となく入った」→「最高の学科」“学生生活評価の高い東海地方の大学”ランキング上位に「この大学,news.nicovideo.jp,secondary,https://news.google.com/rss/articles/CBMic0FVX3lxTFBmVUkzTDRkeGt5N0hFZ2pxZGlXMWdtRmppUS1KZE9rSUVUWjhfOHUxaWpmYmxpQVpmNV8tY3EwVnVDVlN4OGtUNnIxUWM4THVSRTVGU191R0t5WklMaGcwOGxDNkRWSEstVzRtbXZabTBqNGs?oc=5,無い,
2026-08-13,資料廃棄の明記 大問題 残す分散管理 模索必要 博物館運営に新規定 金山喜昭法政大名誉教授,okinawatimes.co.jp,secondary,https://news.google.com/rss/articles/CBMiXkFVX3lxTFBXTmhTNElvRXY2OFFiSUllZkZ0Y3liUWVqMGFOZUR0RFU0ZlFQWE8wWXV2c2FwYjE3Wm80UG1LY0NiTUZ0ZnFRbzBXTTRoM2o3bDFhMWVVUGRZYkdSdFE?oc=5,博物館 問題 廃棄 明記 資料 運営,
2026-08-13,特別展「WHO ARE WE 観察と発見の生物学 国立科学博物館収蔵庫コレクション | Vol.01 哺乳類」を開催します,pref.ehime.jp,secondary,https://news.google.com/rss/articles/CBMiVEFVX3lxTE5DcDlpZkR4LXBaaENraHN3ZEVjUmlnYlNDbm1XWFFmRG5nUXNwTnd6dGJoTnFaYklrNUpNQThpbWN6Q19KOEJfWHNrc25jRTluUXhrOQ?oc=5,収蔵庫 特別展,
2026-08-13,明和町日本遺産魅力増進業務委託公募型プロポーザルの実施について|明和町ホームページ - 多気郡,town.meiwa.mie.jp,secondary,https://news.google.com/rss/articles/CBMieEFVX3lxTE1CQ0RCcDNBRmZkbkJiNDFfNFFNUmJuakYweWZrb25UUjdXazBFX0w0NWl4bUtrRFZjcTZHWG4tc19ySU1DN0hfSXhnS1V3QWNlOW1sVlRWeFR4ZHlrWWlzZzV6NDlnX0duc3BjN0Z3MFAxdmlmRkF5VQ?oc=5,日本遺産 公募型プロポーザル 魅力,
2026-08-13,日本遺産を活用した観光コンテンツ強化事業に係る公募型プロポーザルの実施,トラベルボイス,secondary,https://news.google.com/rss/articles/CBMiUEFVX3lxTE9Kc2ZjM0ptbFJyUjhweDktbkg2NHFMaG94eHpVNXJ2RDljUHRwc2lUVmdtMzFBc3pySmp5YmZZUWF2WmNZTWx5WUFqTk1VV3Ux?oc=5,日本遺産 公募型プロポーザル 活用,
2026-08-13,地域の歴史・文化・観光資源を、物語・絵本・スマホで展開!,キャンプファイヤー,secondary,https://news.google.com/rss/articles/CBMiU0FVX3lxTE5XWGctYWVkSHpOS0kteHU2TTJQUUlmS01JcU52UnZKNGNoYW51aXJRd1BnNzVZZ3RiTTRNR2lYdHhDbVdqdEFyTDlnY0NtOFh4THE0?oc=5,地域 展開 文化 歴史 観光,
2026-08-13,国立科学博物館・館長、恐竜博士の真鍋真さんに、こねくと!,tbsradio.jp,secondary,https://news.google.com/rss/articles/CBMiUkFVX3lxTE84Y3FUUE55VUVueTNSUEFZOXVKTVlvMnNVSkdCSmRrQmcyN0FybnIyWFNYOGktVU9pWnl3OEZsTUxRVmpWTkRyczlxcXVreFZPNlE?oc=5,,
2026-08-13,京都府ふるさと納税「文化財を守り伝える京都府基金」,pref.kyoto.jp,secondary,https://news.google.com/rss/articles/CBMiUEFVX3lxTE1VaFh1NHlTRnIzM05QeHdaZFA5cURsQkVSMW5McGxDN2ZQS1JnQmpkYlJFUVdfM1RPLXcwNUQwY2Eza1YteGVObTFRZWhsTVRB?oc=5,文化財,
2026-08-13,フンイエン ― 文化観光と体験型観光の可能性に満ちた土地。,Vietnam.vn,secondary,https://news.google.com/rss/articles/CBMikwFBVV95cUxOdXNQME5FUGUza2FBQzRFVVJtODV6YWV0Q3c4NTNQLXkydmR5anF5ZjJ5U0VnNFBkbmUyN1FvQjNNZEwxZG5ZM1lLRUNUUGhVMjRUbGNuWEZ0bS1KOGV0MXJXcks3TWpKS3U0NkNoQ21UQ3NGTUlPaXZ2b3FMOXE1WDNsM1d1VlN6YzZNWXQwODkzMHM?oc=5,観光,
2026-08-13,ピックルボール渋谷カップ2026,city.shibuya.tokyo.jp,secondary,https://news.google.com/rss/articles/CBMiigFBVV95cUxNdnVLRURlYUlqSk9objZLTzJfUVVpVURkNURvMHZ3UXlLZlA4Uzd0NjF6aHU1TjFtNVlIbWJhY19LLTY0dzFjanVhVEE5UjF6R2ZXaDFrNDVSUWJrWm1qWmRRellfU3BSWW96bXhCZzFMV09rc29PYlEydGRBelBvSnZvZHpmdk9UVEE?oc=5,,
2026-08-13,トルコ、2026年上半期の観光実績を発表,PR TIMES,secondary,https://news.google.com/rss/articles/CBMiakFVX3lxTE1jYmJKS3N5ZzRHZDFkaHl0bWVUN0dfd0tLdkFjRExOQ2h4R1pUSFhiNzBqVEJiUE5tZ1RfSGs2SzBwc0JxQnZTck0tQzZyWmEwbXF6dy0wWE56bHZNQzFPQng4Z2E1WjdfbWc?oc=5,観光,
2026-08-12,野首遺跡出土品 重要文化財指定記念 文化庁の文化財調査官がその魅力を講演,十日町タウン情報,secondary,https://news.google.com/rss/articles/CBMiX0FVX3lxTE9CcGdpMm9vWkNTWW1CU0hTY0RYSXRjU3RLSmlfbkhjVjdaQmF5NHlwaXhUdVZHM1VhWmVfSm8yNFFRWXBaRlhzWWtfN0RmTjl5S0NJazIzVEMtYlZ6WE40?oc=5,文化庁 指定 魅力,
2026-08-12,第2条:大きな可能性を秘めているが、スター選手はまだ少ない,Vietnam.vn,secondary,https://news.google.com/rss/articles/CBMib0FVX3lxTFBWdkFHeGdGemJfNklUVUlTU1oyMGZ2M2hlbGp2VGt2RWt1OHY2VS1ab1NtSTNFYVdLci1rMXZ3Z0tjbVBDajJhLVgzN0RWNDlFLVpzeWdxVFF2LWRNc05BYVpIWHZDSmNGcmZCZ3RiOA?oc=5,,
2026-08-12,文化観光推進法、立佞武多の館など拠点計画4件・地域計画2件を認定,観光経済新聞,secondary,https://news.google.com/rss/articles/CBMiVEFVX3lxTE8zeEd0TTZnMEJkYU92MjNDUlIyNTlMSWxkYko1N3dlbXh4aDluUmJ6OUFMdUVyOTBJV0VPZllwei1aeV9DRkJtLVRyWTRqMXBkWE9OeQ?oc=5,文化観光推進法 地域計画 拠点計画 認定,
2026-08-12,宮城県に4つのJUST!#5,TVer,secondary,https://news.google.com/rss/articles/CBMiS0FVX3lxTFBYX3dVZkRoVVZQOGppX1RHa3BLUjNfSWk2d0NzYkFzTTNOMVZDLW1UYTR1TXJQRi1CazlPU0dFSFNsLV9pVWNXSWpjaw?oc=5,,
2026-08-12,ムオンロー文化観光フェスティバル2026:タイのソーダンスの本質を称え、北西部の伝統文化の活力を改めて示す。,Vietnam.vn,secondary,https://news.google.com/rss/articles/CBMixgFBVV95cUxPd0ZpdXlfc29jaW1fT2s5eEd5bDR3WTk1STJMbjNnaVByaE9xOWdjQjVESHpDWXNjbGR5Y01aQkZXUTRMdVVuOVMyRFJnZkhGaTNqeG4tejItTngxT0xsckFvcGVRU3pPOUJiRENEVTRYdnloN3dQM0duQ3llQU8zSHpZbDRERlRFbHJrYnhLWlYwd3U4T0d3LXpRdzMxb0JKTktFcWo5TVZyR2d2a193S3Z6NjJNbFlaTGV1MXRzX0laUTVMS3c?oc=5,,
2026-08-12,ベトナムの文化指標:ユネスコの基準に基づき、政策枠組みの基礎となるもの。,Vietnam.vn,secondary,https://news.google.com/rss/articles/CBMipAFBVV95cUxPZFZsSmhyVV9pSnpCOVF4dC0zQTJQVlJ3LVJZUnFMVEZlZmFZcDJad3lMZEVFb0VNREE2WWdnUTNHVXdNS2FVNG9QbUhqRkhDMEp6T3RFeXRieDVGQ19tM3BUQi1kRzJCUUs2RnhGQmx2UGxkTDh2MGlVQmlrRTdtUnl3V21ueDM2WmpKeG9tR082eml5Q1NpTHhnVXJVSXh3V2V1Yg?oc=5,基準 政策 文化,
2026-08-12,<炭鉄港 日本遺産>ヤマに思いはせ 光ともす 歌志内で「キャンドルナイト」,北海道新聞デジタル,secondary,https://news.google.com/rss/articles/CBMiWkFVX3lxTE1Ca2VDTEd0VGh3eGVwRERWSmNsRlpBSTZhQUVTMjRMNTV0ZmVSOTJpT1BYTU8ySUxXTko2R2ROX1hFZnE5MG0xR1p0SmpFYm04MHoxS2JuQlpIQQ?oc=5,日本遺産,
2026-08-12,2026年ドンホアヒエップ古村文化観光祭は、11月19日から24日まで開催される予定です。,Vietnam.vn,secondary,https://news.google.com/rss/articles/CBMitwFBVV95cUxQUVlLTHJZLW9felFBei1Dc29RLTFjWDh4bVd6MUVrR0xFZzI5emtTVjNYRC1WYkZkVWhqQ0xNbS1jdXJoZTV6MjNVX3FtWEM4bktoZXVQblVYa3gwZG5NeVJ2ZS1iaXVpeGJCN1BfMGFhQTNSOXd0VlotQk1tVWF2TE1fYTFScm5BMlN2VHpXUy0wNGhXYk1maGxnTU1ZdmdGVll3RURORTkzWXJXMGNVTUtsQVFPZjg?oc=5,,
2026-08-12,2026年の文化遺産デー:文化庁アーカイブの特別公開,Sortir à Paris,secondary,https://news.google.com/rss/articles/CBMi0wFBVV95cUxNUVd3b0l0MFJmUF8wcjlaakQ2Qm9xWnFzdHFHSVUzU0tYRGRsTlFvNGlCX1hyR3BlcHJONHpFeDVwRnlZMTZVMnFHNG1mN3VxdnBmZ3JFYl80ZXBQbnpaZVNFdmtrdFlHdzRUb1M2aTkya0c5ckhMaThCQVdSYVhTWC1rVXUtY1VXejYyc2R4Y1pEMzBaSTJkTVdtN3ZfRjc4QTNEOE9PWW40RkxEVFp4QmhSemtnUXA3UmFEdFlhbUFER1dFNVJBUlNrT09VMF9ESXpr?oc=5,文化庁,
2026-08-11,釜山市がパク·ヒョンジュン前釜山市長の代表的な文化政策だったポンピドゥーセンター分館建設事業だけでなく、釜山オペラハウス開館記念ラ·スカラ招請公演の継続推進可否を市民と専門家などに尋ねる。釜山市は11..,매일경제,secondary,https://news.google.com/rss/articles/CBMiUkFVX3lxTFAxOEN1YzZnbXc3Z1MwNEFkdTkwMThFd1hiS1laMjgtVWtCRnF0ZThMYmVyeU1SVC1RYmhXWFJKWmJZUzZiUWQtc0ZfXzlDREk2blE?oc=5,文化政策 無い,
2026-08-11,見たい収蔵品はどれ? 宇和島市立伊達博物館で人気投票(毎日新聞),Yahoo!ニュース,secondary,https://news.google.com/rss/articles/CBMif0FVX3lxTE5tTjlTdGZSTldLN2ktWkhOc09WWXV0OWR4d1lHZHdsQTlzQUl0Z1UwMU9jX1J1Y2c2T1BuSEQ0VXBWOEQwbTN5aVJzXzVsUXVsMnBZbFBtbFQzYUVBalVQQ3M1QlB6SXhmY3JEblZYNWNQVjVTUzQ2T3ZEX29kX0E?oc=5,,
2026-08-11,見たい収蔵品はどれ? 宇和島市立伊達博物館で人気投票 [写真特集1/2],毎日新聞,secondary,https://news.google.com/rss/articles/CBMihwFBVV95cUxOR1VfaGxnMEtzTHFpWDNNbkZSeU5nY2hSeHFncnpWWUU5eVlMa1RYSFBKc0hsWVJIWkNMRzlfcUpkVzJwcV9FS0N2NFJxT3VCSFJhbWxRcG9XenJ2elpOdWxhZmFlZWlHS2tWNzIxSWtZSG9nczJEa2ZIRE4xTm9oWlpXYV9NZm8?oc=5,,
2026-08-11,見たい収蔵品はどれ? 宇和島市立伊達博物館で人気投票 (毎日新聞),Yahoo!ニュース,secondary,https://news.google.com/rss/articles/CBMijgFBVV95cUxQa0YtT3l3ZUhyYVI1NmJuMzh2TG5ncVdvRjEtUEhydEpKaFVxeUJZb04ycWQyMXJ0M2UzTUZidmFWN1ZVaV9CcUktRWNWQXBxLWtIRDhmbmlQbEg1aENkdjdxYnBFcTZTS0pNeXdVVTNSODFZMk5UUWZKMEplRlItVjZ2Y2p0R3NybldWZTl3?oc=5,,
2026-08-11,「さよならララ」滋賀・琵琶湖博物館とコラボ、監督と学芸員が人魚の生態を考察 (コミックナタリー),Yahoo!ニュース,secondary,https://news.google.com/rss/articles/CBMijgFBVV95cUxNNkJ1OThFQmo2MUI5VUVXbGNMN0JJVzRPY0U0UjdLRnJnZmNIQlNBQUdQZkxyMzBSWTlKRDFVNkMwTG9JUWtGaDFFUGdSSmRNREEyczh5SjgxeUxJWWFRSVZQcTVQTWRWTjV4SnVhOC1XRlY5cFZDRWNETHU4VHFKdDFQa0hXWGdidkFCUkN3?oc=5,,
2026-08-11,「さよならララ」滋賀・琵琶湖博物館とコラボ、監督と学芸員が人魚の生態を考察,ナタリー,secondary,https://news.google.com/rss/articles/CBMiTEFVX3lxTE9aVEcxamx0anI5djNUckZDS3NFd2NMNTZnTjhaenhFcjFPT1EweXVJMFBoTzItcm9IQjNyQVZFOEQ4ejZ2UVAwcHl6dnM?oc=5,,
2026-08-11,2026年モクチャウ文化観光週間の準備はすべて順調に進んでいます。,Vietnam.vn,secondary,https://news.google.com/rss/articles/CBMilgFBVV95cUxPSmlGVUZIWjV1TmhMRWVpYkdkTzllRmNzOFF5X210U1cyak5wQWplZ0VTQkQxaUpQMEdDY0NVTkpRd21BQVBQcklLc0dWdnpiUEZVbmp6RjJ4Snk5M1NxTFl4bFFQZjBQdV9hR1pDYjBPVm16d2NnYlE4RFJQQXdtQVUwXzl0bVJOQ1VsWjkyc29KVHlVT2c?oc=5,,
2026-08-11,2026年モクチャウ文化観光週間では、数多くのユニークなイベントが開催されます。,Vietnam.vn,secondary,https://news.google.com/rss/articles/CBMipgFBVV95cUxOSzFnQldmNXNibXlkcTdOWnoxdWQyaVJ2LU1KSVBNU3RPMTdQM0doUmpCSHZqZjh1cXo4T0hlV3dDWG1VUXFfSXJ4VzhOQ0lfNFNGZ3lQWHpqN0tURjJnXzdSUHdJY05WX1ZzQlF3dmkyT0hSdUJSUEl2Z0tNVTJiYzBRVWFYUnNIeDhJNnBtU1VMZ1g4NGlHeEp4NzRBb0t1dUIwNkZn?oc=5,,
2026-08-10,西大寺会陽 日本遺産記念で切手に 構成文化財写真あしらう 限定販売,山陽新聞,secondary,https://news.google.com/rss/articles/CBMibkFVX3lxTFBVaHBpX21tQjlTSkVkemwtM056Wm5IWG94bWlfVDV2dk80N0FmbkJhd2xJLUViYXVxTHRlUnRtTTdQRlZLOUI1eUJJT0I4cW1tSGgteWJubXo5azNyME9SM1NTYXFJSjlZR1hqaF9n?oc=5,日本遺産 文化財,
2026-08-10,自治体における文化政策のさらなる発展を目指して創設された「日本文化政策学会 自治体表彰」を京都芸術センターが受賞,朝日新聞,secondary,https://news.google.com/rss/articles/CBMiW0FVX3lxTE5QOTBrN1lXWF9FdmUtMnpkQnU2V1ZQSXBueURGdjEzWkhFMWFBMjNfc1hjMTBicEo0bldmdkJRcVA2R2lBN2xvSFE4Q1A0enhpMkgxSU1VejBpMWs?oc=5,受賞 文化政策 日本,
2026-08-10,特別展「幽霊・妖怪画コレクション」福岡市博物館で、怖い絵からコミカルな幽霊図まで約100点,ファッションプレス,secondary,https://news.google.com/rss/articles/CBMiU0FVX3lxTFAtZld4RUZMeUlsSVZDN29qNUp4amtFamtLc3R2TGhpQWdnV1hid2t0MEdmNGhmcEJISjBxQWFBVkpqcVVIOWhOaGROTTB5NWk2V0Fn?oc=5,妖怪画コレクション 幽霊 特別展,
2026-08-10,「北前船日本遺産 北海道青森周遊カードラリー」開催! - はこぶら,はこぶら - 函館市公式観光サイト,secondary,https://news.google.com/rss/articles/CBMiSEFVX3lxTE8xOWtxckZhdmdqdzM2MTE2WFVFM0VoRGR4Q3ZmcTdDU29xNnVXVm9qa0ZQRkx4S2J2NjZRdnJLTXBLenVic25kRQ?oc=5,日本遺産,
2026-08-09,観光庁、6件の文化観光計画認定、全国で69件に,千葉テレビ放送,secondary,https://news.google.com/rss/articles/CBMiX0FVX3lxTE8xdTdTQi1vczVGYlYyT282NWo0VkVybTF0M1NyZmF6cS1mMEYyY21vbll1bTE2RVhvcUp3S1oxSjd5VmZBc3RDS0tkeXVsR2tuU0JDT2lKbEJCQWVmMmNr?oc=5,観光庁,
2026-08-09,発掘も保存も研究も 文化財の世界で官民連携、注目は奈良の取り組み [奈良県],朝日新聞,secondary,https://news.google.com/rss/articles/CBMibkFVX3lxTFBxQndvMkpFU2hsRXIyTHJ0SjBsVVNGalFvSmdVa0VnV1VFUEJlSDRsbDhEbzFHSmpnaE1GVmd5ckI4ZEF1dW1BN1NHdi1ORUs0dXhrZURrSjZkZFFJeUJjVHV4eFJMMFpONGhDeHhB?oc=5,保存 文化財,
2026-08-09,[NEWS FLASH]文化観光計画 新たに6件 熊本市など認定,okinawatimes.co.jp,secondary,https://news.google.com/rss/articles/CBMiXkFVX3lxTE5mLWQ3QVhyeFFzS2xUZ29SQUswMlEzeVFUaWRzMjByby1acHkySnkweTdyQ3ViUEluX0xwSVVoQWtXQ2wwTHFZelZ5RHpZaFZQOHpHMktOWWFZTnpGYnc?oc=5,計画 認定,
2026-08-09,2026年は好条件【ペルセウス座流星群】ピーク時には1時間に最大30の流れ星が!? いつ・どっちを見ればいい?科学博物館学芸員が解説|暮らし|nan-nan|富山を楽しむオススメ情報,KNB WEB,secondary,https://news.google.com/rss/articles/CBMiSkFVX3lxTE5NWE5YR1pEdGItdXRPeGtGdEI2U1J5LXZGUzdsMXNrZGZtQ2pqMWRvOGh6a2lLd0lFVHhkSUtvd0N0MEd0bmR2dm5R?oc=5,,
2026-08-08,日本遺産フェスティバル バトンタッチイベント|レッツエンジョイ東京,レッツエンジョイ東京,secondary,https://news.google.com/rss/articles/CBMiUkFVX3lxTE55MS1Tem1vNUJWYUhtT3h4UWt5LU9iaC1FZGtqUk1OX3h5VGhsRnFxbEZuV2hxYktXRDdheUYtbmlLb2RWQU8tMHphNkdXaF9BZ1E?oc=5,日本遺産,
2026-08-08,新疆を紹介するCMGの文化・観光番組「新花路放」が間もなく放送開始,CGTN Japanese,secondary,https://news.google.com/rss/articles/CBMiZkFVX3lxTFA1Z0lvVEpXZWhWbWNVdUk3OUlVX0JSaDNFVEk1NlhGSDJDZk80aTlOVHVZMFVjLXlUSEVxcFFMREE5M0pGZ0pzbXBodUxDelZJeUtySXlNNUMxNGxIWG11V3IyMTZXUQ?oc=5,文化 無い 観光,
2026-08-07,第37回全国高等学校総合文化祭優秀校東京公演を開催します,文化庁 広報・報道・お知らせ,primary,https://www.bunka.go.jp/koho_hodo_oshirase/hodohappyo/94422201.html,文化庁 別紙 劇場 参事官 回全国高等学校総合文化祭 校東京公演 芸術文化担当,第37回全国高等学校総合文化祭優秀校東京公演を開催します 第50回全国高等学校総合文化祭(あきた総文2026)において、各都道府県の代表校の中から優秀校に選ばれた高校生たちによる「第37回全国高等学校総合文化祭優秀校東京公演」を、令和8年8月22日(土)に新国立劇場中劇場において開催しますのでお知らせいたします。 令和8年8月22日(土) 12:30~(開場…
2026-08-07,日本遺産を活用した観光コンテンツ強化事業委託にかかる公募型プロポーザルの実施について,city.shima.mie.jp,secondary,https://news.google.com/rss/articles/CBMihgFBVV95cUxPbGdKSW9TVGVLVTFRZUNBNE95bkNMOHhCbXlRcjdsM1NFZmczc2pLcmRSQkdsTE0zMXIxNlJxSzlrM0hrM09BX0wzQmNJMU9LVXp2c2Z3MlgzVG9Udl9JVWdFZ0JRT19KZFd2SUNLWm9hWUNwVlpyeVRNd3kwTHBCbkphdTU3UQ?oc=5,日本遺産 公募型プロポーザル 活用,
2026-08-07,文化観光推進法に基づく計画の新規認定を行いました。,文化庁 広報・報道・お知らせ,primary,https://www.bunka.go.jp/koho_hodo_oshirase/hodohappyo/94419901.html,文化庁 文化観光推進法 文化資源 中核 事業 保存活用 別紙 参事官 地域 地域計画 委員会 拠点計画 文化 文部科学大臣 施設 経る 観光 計画 認定,文化観光推進法に基づく計画の新規認定 ○ 「文化観光拠点施設を中核とした地域における文化観光の推進に関する法律」(以下「文化観光推進法」という。)に基づき、4件の拠点計画、2件の地域計画について大臣認定を行いました。 ○ 文化観光拠点施設を中心に、文化についての理解を深める機会の拡大と国内外からの観光客の来訪を促進させ、文化の振興を起点に、観光の振興及び地域…
2026-08-07,文化観光推進法に基づく拠点計画及び地域計画の新規認定 | 2026年 | 報道発表 | 観光庁,mlit.go.jp,secondary,https://news.google.com/rss/articles/CBMiXkFVX3lxTE41TDlRYXo2enNPUnp2bm90cmJXOGF0UHdUNm11WE01SkJheE1UYXNMU1J6VWhNazRYaWp0eXVEMnA0WDlNTmlnQmNxWHpHYUJSYkt0OTRvRVZjdDFKd3c?oc=5,観光庁 文化観光推進法 地域計画 報道 拠点計画 認定,
2026-08-07,地域で輝く卒業生を職場に訪ねて <歴史と文化財>石巻市博物館学芸員・泉田邦彦さん,ibaraki.ac.jp,secondary,https://news.google.com/rss/articles/CBMiZEFVX3lxTE1MSlNfR1lQOXViemh4UWhqdzFKZ1FNVjBPdURsdkhTYW5jYTZEczhnSEtqSWdNSzF4VnRNSUhSSlJrVUdkOTZ0RmpOdHRFZjBFRmY0OTRYVzdaMGdHelQ1ellqXy0?oc=5,地域 文化財 歴史,
2026-08-07,令和8年度(第81回)文化庁芸術祭を開催、無料モニターを募集します,文化庁 広報・報道・お知らせ,primary,https://www.bunka.go.jp/koho_hodo_oshirase/hodohappyo/94418001.html,文化庁 参事官 文化 芸術文化担当,令和8年度(第81回)文化庁芸術祭を開催、無料モニターを募集します 文化庁芸術祭は、広く一般に内外の優れた芸術作品を鑑賞する機会を提供するとともに、芸術の創造とその発展を図り、もって、我が国文化の向上と振興に資することを目的としています。 令和8年度(第81回)は、10月1日のオープニング公演である歌舞伎『本(ほん)朝(ちょう)廿(にじゅう)四(し)孝(こう…
2026-08-07,京都の「非公開文化財特別公開」 60年前に始めた理由は観光でなく [京都府],朝日新聞,secondary,https://news.google.com/rss/articles/CBMiZ0FVX3lxTE9aSDJjeXVQaUplOURaU2h6bUJVMEo0dmJ2cExHYllmSVhOU2ZVYUxhcFAwM0FQVE84RVc5QVV1MzBWanl5WGktQlpNRTdCaFBBVHpTdVFtdHFSaHpDdnZEd0k1YVI1dkk?oc=5,無い 観光,
2026-08-07,京の非公開文化財、今秋は過去最多32カ所で特別公開 若冲の作品も(朝日新聞),Yahoo!ニュース,secondary,https://news.google.com/rss/articles/CBMif0FVX3lxTE1Ld2pGMGlyT0dKdGlMQW1ZYV9IbEhQUXN4ZkJPX3puTUNTbnh2d3hwOF9zTDRqZUF5M2lqaFZtanh4V2tUTndweVd2di16VmRaRXVJa044czM5MThhZmJteW02c25EUEZNVFIwemRZQldQZVVjZE1MYWZxVDBxQmM?oc=5,,
2026-08-07,京の非公開文化財、今秋は過去最多32カ所で特別公開 若冲の作品も [京都府],朝日新聞,secondary,https://news.google.com/rss/articles/CBMiZ0FVX3lxTE1NaTMtcEo0S2w4QnlDQXFIbUVXbVpkRzBzUHp0bHJueXZRZi1LR1ZyNUl2N2o2RHRBYzFhS3hwOEJoMl9WS3pjazFvalZhT1dYdmhjNjFDLWM0VEUta0hrUHQyd09qREU?oc=5,,
2026-08-07,九州沖縄日本遺産フォーラムを開催しました―別府大学が拓く地域連携と人材育成―,別府大学,secondary,https://news.google.com/rss/articles/CBMiRkFVX3lxTE5ZOFFpS0Uta0VmR29wci1iOTRudkkyeGNZTDVEaF83aTBPc3l3Z0g3Y2hLZ3ZtY3R1aTdfNkhJTGtBUlpZSlE?oc=5,日本遺産,
2026-08-07,【もりおか歴史文化館】テーマ展「よみがえる文化財」開催中です,PR TIMES,secondary,https://news.google.com/rss/articles/CBMiakFVX3lxTE5lMHFEbXFydnBJVkZtMUZDMXYwQzZHTURlc2txcEJJSWFUX2RCRmxLM1hET25Vb1pfM09LazY5bGM0VHoxSjk0LUtfbFJONXNYUm5iaFJ5b0xQazlDaThMMTJBR2V5UUQ0c1E?oc=5,文化財,
2026-08-07,【DMM 地方創生】鳥取・兵庫 日本遺産「麒麟獅子舞」のクラウドファンディングを、DMMが伴走支援!,PR TIMES,secondary,https://news.google.com/rss/articles/CBMiakFVX3lxTE80bWVWZzJsMjJGdTZZZGY0elhaYUg4Qk4ySVpBR0xlRThUbThMTEhnbWlCbHJGOGkwdk5wd0RENExpWU1veE1ELTV0aWlnalVYRGN5djB0ZEhoc0h2MWlaSFNtTjF6RnFLQWc?oc=5,日本遺産 支援,
2026-08-07,「大山詣り」ロゴ 伊勢原市が作成 日本遺産10周年 /神奈川,毎日新聞,secondary,https://news.google.com/rss/articles/CBMiaEFVX3lxTE9zU08tMm1VMzhpQTd5dDVENC1kOXdudG1PeDBkZ2ZIUU11OEJ1ZUd4a3BNMl9ULVB6b2hhNHk0NnJGanRQYnd0S01BLWpCUjQyUDdqcnJMWnVLQ0FDYm12ZmRZN0xwSTYy?oc=5,日本遺産,
2026-08-06,森町文化財保存活用地域計画の認定について,town.morimachi.shizuoka.jp,secondary,https://news.google.com/rss/articles/CBMiqAFBVV95cUxOb183TjlMOGZ3R3AwSjF2bUozLVFfeWJoUzJIaXlzUEoyQWJTdnhiX3pTMF92VTctRkdtdGFkU3lBTkZSYkMwZW5ETC1JWk5mSV9DUWlRYVBzZXpxNTFxWTV4VG9UT21VR3h3WkF3VUZnVnkzQnZLTUZMUEF6d2xaS1pMM2NObDVpaGdjSjVQMTIzTjZ0YVR2OVpHSy13dU9uYVlRekt6Q1Y?oc=5,文化財保存活用地域計画 認定,
2026-08-06,【8月7日付社説】文化財の地域計画/保存と利活用へ策定進めよ,47NEWS,secondary,https://news.google.com/rss/articles/CBMiS0FVX3lxTE1udUJlNFN6Q2FxRlQ2c2pBaVFvWl9OTEtFejZBQUhVaDh5NE1Pa05NYmZmSXhlWFRvaTNLWEswMEVwaktXWWlsdE96NA?oc=5,保存 地域計画 文化財 策定,
2026-08-05,豪壮なはり「すごい」 安来の有形文化財・金藤家住宅 保存修理終え特別公開 市民50人、往時の繁栄知る,山陰中央新報デジタル,secondary,https://news.google.com/rss/articles/CBMiW0FVX3lxTE1kX1F6M3pYWW02NG1ZWVVhTmEtSFZmY19yUUU2b1VzaDdxN1Y0X3NleVNLb2RrSVFMQ3pwdkgzV2tkeDdQX1RIaUJRRnp4RkIza1ZxZnFabzFvSzQ?oc=5,文化財,
2026-08-05,文化財保存・活用で計画 北杜市策定,sannichi.co.jp,secondary,https://news.google.com/rss/articles/CBMidEFVX3lxTE95TGh5dVNwOEpSV251VUJXOG0tYmZMU2hLWExwRXBVZVI2aHJaajRIa2dWSFNCMXhkazVnemdXSV9adk5SaWprdWduTC1OR0RqSGIybkhJbmlISndscXA0TUFBX195ZTQyRnZhSV81S2l1R3ZJ?oc=5,活用 策定 計画,
2026-08-05,宮城県に4つのJUST!#4,TVer,secondary,https://news.google.com/rss/articles/CBMiS0FVX3lxTE1DR01wTzJIYlFSYjhrQlRRS2tuUGJiV1BpbE9LRXdmOW8tVUNJNDZVZ1VHT285eGY3Nlh5RmttdEItTktQb3daX3lMcw?oc=5,,
2026-08-05,中高生が一日博物館学芸員体験【高知】(2026年8月5日掲載)|RKC NEWS NNN,news.ntv.co.jp,secondary,https://news.google.com/rss/articles/CBMihwFBVV95cUxOTEpBNHlvSXIwLWRnZUlUVWdiYjkwWEQzVXlrdXUwanAwS0c1dUpXTWxNb2VHVDcza25JREV5Q3RlT014MmFnR1BWT2k1OU5Vd0JxUThxU2VPUGxtYm5nb2l1TW96RlNUeEJfTWVYNVJRdUpnakhHTGE1cmdJdHlYN283M2QxeHc?oc=5,,
2026-08-05,【開催中】令和8年度企画展「新千葉市指定文化財記念 ちばの宝物」および関連講座について,千葉市,secondary,https://news.google.com/rss/articles/CBMic0FVX3lxTFBXXzh6dTI0WGttUk9UQkhqVUl1d1ZNNWxxa0tnR3l3M0dNOE1OeXhpY25XclhBWFllU05rRG5RamVfYUk3UFVVLWJIT3VjallwOGJQRUN3NVZ1RV9kMllyNWY2WDNacGRZbDdxUTlDN1F0WDQ?oc=5,企画展,
2026-08-05,【学芸員課程】展示ケース実習から学ぶ文化財の保存と展示,別府大学,secondary,https://news.google.com/rss/articles/CBMiRkFVX3lxTE9xWU5yZ0ZkbVcwQjEwQnp2YkN0ZE45Z2VPWUg2SzVKR0ZkNnlnR1o3VEYtNmJTYnhlVThRRTFYa3RBaVFKUkE?oc=5,保存 文化財,
2026-08-05,7つの県立ミュージアムの収蔵品が一堂に,pref.hyogo.lg.jp,secondary,https://news.google.com/rss/articles/CBMiaEFVX3lxTFBiNUxhd0NfcWlLNldIT2hvbjg2Zkh4UEhuQ3hRQU9xNGd0UDZUcTNGdld4WkYtZHhUU0dBRzZwTjdiNkFHSTR3dFhQWENDZUVwSnVLVEQxSEtCTWRsaTVrdFFNOElmVUJv?oc=5,収蔵品,
2026-08-04,奈良県立民族博物館の収蔵庫パンク報道で注目 廃棄予定の資料はなぜ売れない? 考えられる解決策,dメニューニュース,secondary,https://news.google.com/rss/articles/CBMihAFBVV95cUxPS3I1dXJ4QUN4SU42V1FYZWo2S1FNNDFQbVpyaEQ4TUxHb1d5bDNuVktmaW0tRnpKT3VuUU92N2lva1p0a3pQUVRuSkpDWHZ5dVp4RUlXdUdKQV9jWElPaVJBUWVZVVRuQ2QwNDAzYmR6ZkhpeEFzT0lBRGtpYldMUjRuOETSAYoBQVVfeXFMT0lXVy1wb2sxTXJDNzhlTFhJZU43S3hwSDRWRTh6WlNqdjNfZmozSTgxYkFEaURuYTAycFVyM3BvaTBCNWFmV2ZySWZoWExaUWExYzVkUUdFYzZkS19GMmtubmJ2V09qSTU0VGcyTkctZGd2V2ZuRENKSnRtaVc4d3FsX1JHU0ZsLUdR?oc=5,博物館 収蔵庫 報道 廃棄 資料,
2026-08-04,名古屋城の文化財を保存する施設の柱に“文字のような落書き” 何かで削るように... 警備員が発見,TBS NEWS DIG,secondary,https://news.google.com/rss/articles/CBMiX0FVX3lxTE1ib3NjOW54V2JJdmFGeDBvV01lTjJiczhZNl95NXRfMlFlbmQ1Y2w1RFJSNVc3VnoteVVUV2pDdlEzc2FFbXZfd3VveGVtZmJ2MFpxQjA0dHozTXRaRmJ3?oc=5,保存 文化財 施設,
2026-08-04,収蔵庫で見つけた法隆寺壁画の模写 大英博物館で研究、彬子さま語る,朝日新聞,secondary,https://news.google.com/rss/articles/CBMimgFBVV95cUxQZEFiU1FPbDFfV202U3N2YUVtVXFHOUFuMlhsVXIwYmFqYnV4WVM5ZUd0SzBhZjRxUEQwN0dYLUtRcFpZR3UtUDRHc1RpTW1mdTRzcFE3S3MzTnJnQjVvWlBQTzJpczRUaURqQ3FhOXliMDlWeUZlQUNKU1VHV2xyYk5SV3RCWDR3UHl0UWtrQW4taFFfay1lbGdn?oc=5,博物館 収蔵庫,
2026-08-04,ウェザーマップ気象予報士・今井春花が日本遺産普及協会公式リポーターに就任 ~日本遺産ソムリエとして全国の日本遺産の魅力を発信~,PR TIMES,secondary,https://news.google.com/rss/articles/CBMiakFVX3lxTFBTRFQzVFZQemx5b0kxVDJkOWF4cnBPOVVBOThUeV9uLWU3d245ZnJENVpoZDRneWRvQ2hqUmM5dm1DSC1QQ2JOWjRKNXNfemgzNVlpNVNzeHZ6SkZidzB0RENfSFNtQmtma0E?oc=5,日本遺産 発信 魅力,
2026-08-04,『グッド!モーニング』お天気キャスター・今井春花が日本遺産リポーター就任「魅力を多くの方へ届けたい」 (ENCOUNT),Yahoo!ニュース,secondary,https://news.google.com/rss/articles/CBMijgFBVV95cUxNTnl2RFp3MFdvVkNIamtDQ1hVS0tpQVNhaUZrNE1RVkJ2RU03MkFXN1BSREZoaFFwcWl5U1hyMmFYczBncmhaUE5TVWtyb1RPUnRabmUtN2cwOHRCUUZTU2xnOHY4aElSdjV5OTFhdEFKVzhHVVB5TVhuRmw5ZThyVThxbXdrRzMybnRPeUl3?oc=5,日本遺産 魅力,
2026-08-03,雲南省紅河哈尼族彝族自治州の文化観光を世界にPRするイベントが北京で開催,人民網日本語版,secondary,https://news.google.com/rss/articles/CBMiZ0FVX3lxTE1vQXV6bzB6dkRuNE1qdTdpOGFXR2dzLWYtTjkweEE1dS03S0I1OFlpZzE3T1ZNYXVoTkFaX3dzSzhXWHdtVElEdzlQbFdCQzhkRGxaQkx5c1NpeUpITmtrblUxem50SGc?oc=5,,
2026-08-03,江差の日本遺産、認定継続なるか 前回「イエローカード」 27年度に再審査,北海道新聞デジタル,secondary,https://news.google.com/rss/articles/CBMiWkFVX3lxTE94RDFwSUVwTjQ2Vnd0SG9zM3NZZjZHcHdSUG1aMlZpQnh3WlRMaTRPVXNjalhraXIzLUE1eUhPSUpMMl8teVB3T3QyMF9ZaDg2Wnp1TlJnbkdjQQ?oc=5,日本遺産,
2026-08-03,江差の日本遺産 認定継続なるか 再審査は来年度延長 官民で誘客に力,47NEWS,secondary,https://news.google.com/rss/articles/CBMiS0FVX3lxTFBEdFU1cGMzNEZBTEM5ZUttdlFqeFVWazhndnhySnFvbVVTbXNPcmN2SFk0SmtfUUZnVGpVeGN5TXowNWRVSmpIV3JIUQ?oc=5,日本遺産,
2026-08-03,文化庁が認定、補助優先的,下野新聞社,secondary,https://news.google.com/rss/articles/CBMiW0FVX3lxTE9EY3lnREoza2VFamdXSGFpWXdIc1pMTHVtOTQ1NHlfNmtKdGZIN3dGYWlWeGx5aVFDY2hLQVZ1QmdXRmF6UlhiNDhwR2ZIM1lqemtxTXdVMC0ycEk?oc=5,文化庁 認定,
2026-08-03,"太地町花火大会、8月14日開催 日本遺産認定10周年の地を彩る約1,000発と伝統行事「柱松」",PR TIMES,secondary,https://news.google.com/rss/articles/CBMiakFVX3lxTE5aUTRHZW5DczFFdU5XbWVYWFNqdlhQWm5NYS1QamNCMkZyREVfa2RZblR0VmxtX2lqd2EwTDlvSzI4NFdJZHQ1VDdBNF9pb0o0cW5BOXJKVWVRTkE2ekxPY3Z6RTNiUGMzMmc?oc=5,日本遺産 認定,
2026-08-03,国指定文化財など被害53件 世界遺産も損傷、確認急ぐ―文化庁・熊本震度7,時事ドットコム,secondary,https://news.google.com/rss/articles/CBMiY0FVX3lxTE5lNVdhc1Z3bnRVV3RBMmJZdTNZSTRXU2NHUEpueVpReHZ5S3E1OXlqNWRzUmh0a3ZueFBNZElPalIwbUlIVTdnQjR0ZlBRZ05NdEhTbTJUaFVaZkRRM2VPdllhbw?oc=5,文化庁 世界文化遺産,
2026-08-03,八ちゃん堂大牟田市動物園と大牟田市ともだちや絵本美術館の『指定管理者』を募集します。,PR TIMES,secondary,https://news.google.com/rss/articles/CBMiakFVX3lxTE9nLWRWbjZHdk11LV8zcld0T0lCd0dXX3haQU83MTRVSF9yaU4wNi1BcE9rcGJxQVhJYU04VnZuSDVhampEYzhyNDl0QVdiVFo1UDdtR2MyUW1oQzcySmJyU3RQaE1vRW1YQVE?oc=5,指定管理者制度 美術館,
2026-08-02,津和野町日本遺産センター 津和野踊り企画展|レッツエンジョイ東京,レッツエンジョイ東京,secondary,https://news.google.com/rss/articles/CBMiUkFVX3lxTE5YRkVxZE1MX3Fjc0UzeDhHZUtUVWZOUE81VHJBdnFHVE9MbTVsVFVUOGVEZXljSHh3cHkxYlpQVVBIZU84dGR1TGJXNk9kaDZac2c?oc=5,日本遺産 企画展,
2026-08-02,文化財建造物の修理現場を特別公開![大徳寺]と[八坂神社]で参加無料の見学会を実施,Leaf KYOTO,secondary,https://news.google.com/rss/articles/CBMiXEFVX3lxTE1NeUxDQ25VTmxoVnJ0a1luQWsxNE93VGY2c2ZZX0g0QU42eGZ2T3FVbXMtWjQ3a0hiU1owLW1JSW1HQmFpZk9wOFh2LVU5RnJodXRoR2dWMW5nclJB?oc=5,,
2026-08-01,展示室にっきWEB版(2026年度),札幌市,secondary,https://news.google.com/rss/articles/CBMid0FVX3lxTE5XU2l1NnRaS05VMHJaMUt0OTV6RHJpbzh3b2NFek9iMGtvX2QxLUxTbkp1b3BXZGMyVm0yNEdpd05XNFZuMW4wRmpUc1RCSWY4ME12X3B1dEVFN1FLUURWelRzSWh1dkh0enBBSmR1bWZoSWk3YXdv?oc=5,,
2026-07-31,火焔型土器と雪国文化を伝える「日本遺産ガイド」養成 三条市が全5回の講座、受講者10人募集,ケンオー・ドットコム,secondary,https://news.google.com/rss/articles/CBMiVEFVX3lxTE52aUpWdjYzenhQcFBQMldjdTNpMHBlRXZuZk5UUl9GeHFJbE9Pa01lM05LZklOLW1KYUg3dm5sQ3RxdkFzSU5Nd09JSmRqSDRjZUV4NQ?oc=5,日本遺産 文化,
2026-07-31,文化庁国立近現代建築資料館における企画展の御案内,文化庁 広報・報道・お知らせ,primary,https://www.bunka.go.jp/koho_hodo_oshirase/hodohappyo/94413601.html,文化庁 docomomo ジャパン 一般社団法人 企画展 国立近現代建築資料館 日本 未来 案内 活用 選定 魅力,文化庁国立近現代建築資料館における企画展の御案内 文化庁国立近現代建築資料館では、令和8年8月29日(土)より、一般社団法人 DOCOMOMO Japanとの共催による企画展「DOCOMOMO Japan 300選 選定記念『モダン・ムーブメントと建築の現在』」を開催いたします。 日本の近現代建築を代表する300件の選定達成を記念し、約100作品を一堂に紹介…
2026-07-31,文化審議会第6期文化経済部会(第2回)を開催します,文化庁 広報・報道・お知らせ,primary,https://www.bunka.go.jp/koho_hodo_oshirase/hodohappyo/94414601.html,文化審議会 文化庁 文部科学省 クリエーター支援基金 会議室 会議資料 会議開催 受付期間 強化基金 文化芸術活動基盤 期文化経済部会 留意 登録,文化審議会第6期文化経済部会(第2回)を開催します 標記会議を下記のとおり開催しますので、お知らせいたします。 令和8年8月7日(金)10:00~12:00 文部科学省会議室 ※WEB 会議併用 1.第5期までの振り返りと第6期のテーマの確認 2.委員からの発表(生駒委員、桶田委員、小池委員、竹下委員) 3.クリエイター支援基金(文化芸術活動基盤強化基金)に…
2026-07-31,文化審議会国語分科会外来語小委員会(第3回)を開催します,文化庁 広報・報道・お知らせ,primary,https://www.bunka.go.jp/koho_hodo_oshirase/hodohappyo/94415601.html,文化審議会 Eメール kokugo mext 受付期間 委員会 撮影 無断 無断転載 留意 登録 遠慮 録画 録音 関する,文化審議会国語分科会外来語小委員会(第3回)を開催します 標記会議を下記のとおり開催しますので、お知らせいたします。 令和8年8月7日(金)13:00~15:00 (1)外来語の表記に関する検討 なお、受付期間を過ぎた場合、登録できませんので御留意ください。 (無断での録画、録音又は撮影は、御遠慮ください。また、その無断転載も御遠慮ください。) 東京都千代田…
2026-07-31,"宮城・塩釜市が策定した""文化財保存活用の地域計画""が文化庁に認定される 県内で3件目の認定となる",TBS NEWS DIG,secondary,https://news.google.com/rss/articles/CBMiV0FVX3lxTE1Pb00wUi1mcFFrVHhTcDM4ODdlcFpxbzJnd3ZpeFpLUHoxZWR2WVlWTnptM0RoNWVUVGdnanZrdzFMVlpqbkh5TlQ0Y1JLd3prUlRoZXBkaw?oc=5,文化庁 地域計画 策定 認定,
2026-07-31,宗教活動と偽り脱税・マネロン...「宗教法人」の不正利用にメス 年内にガイドライン策定へ 文化庁,news.ntv.co.jp,secondary,https://news.google.com/rss/articles/CBMifEFVX3lxTE9NdVlEZkVZVE1lSUNlOFdXcUlrOHhpTUhKU3JqUzN3dEY0eVYzWWtHZVRzY2lIUXJBOUw5TU4zSGRiTUlham52MnJsc1h4eUF1QnFkaWVueWxRdnBKQ21YTzhzM05weVVKQU5PY3pNRHUwMjhLczJ1YUM2Wno?oc=5,文化庁 宗教法人,
2026-07-31,宗教法人の売買提案4000件か 文化庁が初めて実態調査で推計,毎日新聞,secondary,https://news.google.com/rss/articles/CBMiaEFVX3lxTFBOQjhuekt2cDNPb1lEQTkyNWlNWGR3emxrTTJURWtweUVzemFoOFA0c3NOTlgxSGVjUmhjUkxiMTJ6RU0tTERIdU51Vjdsd2RQT2trNXZRSnRpWllENEgtVjFaYkh4UXNI?oc=5,文化庁 売買 宗教法人,
2026-07-31,売買持ちかけ事例、4千件と試算 文化庁が宗教法人にアンケート(共同通信),Yahoo!ニュース,secondary,https://news.google.com/rss/articles/CBMif0FVX3lxTE1wWlRYTkM3VnlKcTlYd2lSOFJOTHdjY1hBWEx5ajVzVUJkS2pLTVRDWmdRMVRXMmVndm1LMjV0T3ZhSUtvQW9ocXZ2QU5zbUx2OUlWOXhoaHRTbVQzck9SN3dNZGNxc1J6aVRVT0YzWE9wQzNybkpnZHh2eERUMkU?oc=5,文化庁 アンケート 事例 売買 宗教法人,
2026-07-31,売買持ちかけ事例、4千件と試算 文化庁が宗教法人にアンケート | 全国のニュース,福井新聞社,secondary,https://news.google.com/rss/articles/CBMiXkFVX3lxTE1CWm9IdGNFMVRsbTZuc1B4TUVSTHFnZmdqVDdXN2tSbnFDeWNiMkFxWmRwYnI4c19FMkNmZ1NST2xQai1kcWdhQWdiR1BRZnJXT2NuT2pJX1ZTYnVfcEE?oc=5,文化庁 アンケート 事例 売買 宗教法人,
2026-07-31,売買持ちかけ事例、4千件と試算 文化庁が宗教法人にアンケート,北海道新聞デジタル,secondary,https://news.google.com/rss/articles/CBMiWkFVX3lxTFBTTlMxMy14YVFjY3owNmNRdFMxbzF6Q1gwS00zazI4R0tmSGoyTjA5WVd2NUk5RFZhM0tLaHBtWWl5Q1czWFhxSTdhU0tsNDhWbThzZ3A0UFR5UQ?oc=5,文化庁 アンケート 事例 売買 宗教法人,
2026-07-31,台湾オペラセンターの看板除幕式 李文化部長、芸術文化発展の拠点化に期待(中央社フォーカス台湾),Yahoo!ニュース,secondary,https://news.google.com/rss/articles/CBMif0FVX3lxTE1wZVV2Z00zSkM2enBlVW1YZkxuQy1LNzhsMFplTm8tUFVXOXBBYmZTRkl2cEFuSlItdmpFV2tBby0wdWhvOE82cUhZbkdhc3VrLWc0NmJiTkluaTZVajV3Vllzd0p5a1JTSWp5dnRQYXNiZllGVlpwWVJoWThBSTQ?oc=5,拠点 文化,
2026-07-31,不活動の宗教法人、売買され不正利用も 文化庁が都道府県向け指針案,朝日新聞,secondary,https://news.google.com/rss/articles/CBMiZ0FVX3lxTE1zNnVXd1FVRUlMYUo0ZXpnRXJQeHY1dWhSNVcyUXczYnFhYV81WkNaa1JJeFV0U2Zqd2l0NWdOYVFadldWVE1sVmZCb2pHOXAzaWt2S1FnV2dtYV85OUJUYm1HOFRCaWs?oc=5,文化庁 売買 宗教法人,
2026-07-31,2026年四川甘孜山地文化・観光フェスティバルが道孚県で開催,株式会社共同通信社,secondary,https://news.google.com/rss/articles/CBMiWkFVX3lxTE5mUmRCM01IV3FXRl9JbUQxa1FnaTNGenc0QjJTcmRyV0g4QkE5ekxSWnE2cFhKYW90SzhQeGdQRXN2eVJsdVVmTW83ZGUxWE51b0tTZWZtV0VHUQ?oc=5,文化 観光,
2026-07-30,福島市文化財保存活用地域計画/福島市公式ホームページ,city.fukushima.fukushima.jp,secondary,https://news.google.com/rss/articles/CBMidkFVX3lxTE5NVG8zZkdpZzIzdklmZUp2ZTR2al9TOXhBVWVHQmZlblF3VklOQnVrZ2gxMlhHalpKWFVuZEJjSmhQUlRVcExPY0NtRi1WSk02dmJuNTZmbDB3MGhYY3dXc3RvSEJNajkxN2ViN1BIdmlvYlNZemc?oc=5,文化財保存活用地域計画,
2026-07-30,特別展「福岡市博物館収蔵 幽霊・妖怪画コレクション」 多種多様な約100点を展示 9月13日まで(Saga Shimbun),dメニューニュース,secondary,https://news.google.com/rss/articles/CBMid0FVX3lxTFBWUHFjVXFseEQ4MHQ3QkIwUlhNMUthRUdNU1ZTUi14RTk3OXpPdzJ5Skp1S3U1TDBSX1hWU0FrTzlxbEFPWExEV2tobmxjNlhrdURuMTAtc3NQU1daQU81Mk5YOWw4a2trU2Q5ZndTV2ZBV05sZnZZ?oc=5,妖怪画コレクション 幽霊 特別展 福岡市博物館収蔵,
2026-07-30,特別展「福岡市博物館収蔵 幽霊・妖怪画コレクション」 多種多様な約100点を展示 9月13日まで,佐賀新聞,secondary,https://news.google.com/rss/articles/CBMiVkFVX3lxTE1VNDZtOEZPQ1V1ZFhWQ2RudW5EY3FsX2hiblh3dndxMHU5M0IzM3J6a2FQaWVvY1lIbzctcWtXWEpJcTFLZVJ3N1BPdjM1STctbXEzQXVR?oc=5,妖怪画コレクション 幽霊 特別展 福岡市博物館収蔵,
2026-07-30,アブダビ文化観光局、グッゲンハイム・アブダビの2026年12月11日開館を発表6,福井新聞社,secondary,https://news.google.com/rss/articles/CBMiXkFVX3lxTE95bDM4VEdmSFc1ak1lV1VnTHdzcXBGV2UzVGNiRDVNdFVWek9udGxfQ2ZkS3R4UjhQUE1fQV84cE0wVHNNdlM2NURDUlpaRFhyU1dySGk3TXJYQVBlMWc?oc=5,,
2026-07-29,神戸市室内管弦楽団の補助金問題、研究者ら議論 市の対応検証「文化政策、制度整備を」|文化,神戸新聞,secondary,https://news.google.com/rss/articles/CBMibkFVX3lxTFBQOU5nakZ5NzdLSUxBbXdMdER2ZXBDT3JueldEOGZkdHh2T1BEU2c1R2VLdWZxcXZ5ekFlcGtrQU9KVGlCR0NvUEtQQW1MQzgyWk9iNkZCdG1MQzNnVWhUR240SmlSb3dnQ3o5LU9B?oc=5,問題 文化 文化政策,
2026-07-29,夏バテ防止「どろがめ汁」と「黄飯」 文化庁の100年フード認定受け東近江市で郷土料理の料理教室,中日新聞Web,secondary,https://news.google.com/rss/articles/CBMiVEFVX3lxTE56RVYyakpqWUFabG9uQV9TR1Ntc0xsY2h6ZUxjUEZISFVXWk55M3Z4UHhTNl96WGR0OWRBZTk1WE13ZGkwMFFEc20wX0pQVXR0Um9QVg?oc=5,文化庁 年フード 認定,
2026-07-29,休眠宗教法人増え5286に 文化庁、解散命令は90件,47NEWS,secondary,https://news.google.com/rss/articles/CBMiS0FVX3lxTFA1NTU3ZVVad2wwWHBJUXY0c1ZRM20zbjAybjBic05VdmlIeGFsNXF4bmtiMlU5X0thUWFHS1dqM3JERmVRMHg0U1p2OA?oc=5,文化庁 宗教法人,
2026-07-29,Travis JapanノJUST!シン日本遺産,朝日放送,secondary,https://news.google.com/rss/articles/CBMic0FVX3lxTE1VT1pYR053SGtIX1dvOGdMS2pFdHZxZXpIcGxPanlLWTdCVnh5ZlJoT09IVUNkdHkyQTlxUkJWR2JvZjlaaHpFNDA2RTVwQnBTU2ZaU0wwczlrNnkyZlAwOTNsWW13SnRhRTdPVzFyYWFxTjA?oc=5,,
2026-07-28,日本遺産「鯨とともに生きる」認定10周年 熊野灘沿岸を巡るデジタルスタンプラリーが8月1日(土)より開催,PR TIMES,secondary,https://news.google.com/rss/articles/CBMiakFVX3lxTE5yYTJPelkzU3hLUUR0REpobHBXamdzR0xVbUhoSThsWGxIM0VObngwZ190NWpfRjJubEhXb0lBSUdxVjYyTFhLZTN0bFhZOUkwZmZVbzE4S0xRY0NwTFJvX2ZpTWVWYzcxMFE?oc=5,日本遺産 巡る 生きる 認定,
2026-07-28,文化庁「閉館は想定せず」 国立の博物館や美術館の中期目標を解説するページに明記(画像)(2/4枚目),ITmedia,secondary,https://news.google.com/rss/articles/CBMie0FVX3lxTE85YXIxUjhpX0tkbXJXc3BsbTk2VlBYQTRkY25xMGpqcS1QWUM1OHR1R1EtdUFVVHFXR2Q2MG4zOFVsMEVjVFdvX09FaW84RkcwdGNwS3RrSzFlVC0xSkhMTFZHTmhrUlJ2VGpwbDdxRV9YdU4wUnBVS1loRQ?oc=5,文化庁 博物館 国立 明記 枚目 美術館,
2026-07-28,文化庁「閉館は想定せず」 国立の博物館や美術館の中期目標を解説するページに明記(画像)(1/4枚目),ITmedia,secondary,https://news.google.com/rss/articles/CBMie0FVX3lxTFBoLXNZRW9rYmJwaDJ4ZUVnUk1nTVdKSjZWc0R0cHl6R1lLb3ViTlFPdVAtMFJ6V19OQ0lvSFlQMmZ3eXpVWnhaWmNCU3lWcHloejhBNVlod09zSHBnWjgtYmRPMHBfd2hNTXYzY0dVZ1B3RkxNdkl4M05MOA?oc=5,文化庁 博物館 国立 明記 枚目 美術館,
2026-07-28,府中市郷土の森博物館収蔵後、初公開の「百式司令部偵察機の尾翼」,chofu.keizai.biz,secondary,https://news.google.com/rss/articles/CBMiU0FVX3lxTFBCMHdGckhwSHR6c3RhaWNvTmQ3NER1WjRFQ25IZEZDQXBRRGRCMDVPX2hSU0NLOWtPemxLWGtNNXppMHpBUjQyeUtXaXpVdXMzNVBZ?oc=5,,
2026-07-28,iPodにも補償金を――文化庁が案提示(画像)(5/5枚目),ITmedia,secondary,https://news.google.com/rss/articles/CBMie0FVX3lxTE8yakpyVlRzT21VZGEwWk85QndESkJIeE5kNmVKMEtYLXpnYWJVckdLV0l5VHF2WWxXLW1oR1o3NkdKTERENl9JTWNqTzZJaTM1cVdPb3lsa3d4NVppOWIyRnBMMnRPM1JyR3pHWThnTlBPelh3M3RRYUJMaw?oc=5,文化庁 枚目,
2026-07-28,iPodにも補償金を――文化庁が案提示(画像)(2/5枚目),ITmedia,secondary,https://news.google.com/rss/articles/CBMie0FVX3lxTE9mUnRSWlMycUw0VjFpaHpUQ3lUUk00OFJmNmw0VExNdzc4RjJaRHZXMHhlOUIzeWdYYzM0MDhGeUtmWGp2WWJ2UDR2MHFOU2gwX0pDWkVQYVNUc25jb3NBdFJtWDVTaTZ2a3ZzZGc4LUpJVWRoX1FoVVJ6Yw?oc=5,文化庁 枚目,
2026-07-28,iPodにも補償金を――文化庁が案提示(画像)(1/5枚目),ITmedia,secondary,https://news.google.com/rss/articles/CBMie0FVX3lxTE1yVFQyTUkzV3VDUmdwTXg2cmROeGVrUzVNRUxEZHowekpxbXJqbHZCc285WE9ROUNkY1JrdEdGTU14WW5McU1XZWlmZXVucUVsTWswdmhJZWFaVml5MGRBallHRU9EYkJNYldOVmFldGUzVTZfUzF2aVJrTQ?oc=5,文化庁 枚目,
2026-07-27,第26期第1回文化審議会著作権分科会(第76回)を開催します,文化庁 広報・報道・お知らせ,primary,https://www.bunka.go.jp/koho_hodo_oshirase/hodohappyo/94411901.html,文化審議会 文化庁 文部科学省 Eメール mext 会議室 会議資料 撮影 著作権分科会 非公開,第26期第1回 文化審議会 著作権分科会(第76回)を開催します 第26期第1回文化審議会 著作権分科会(第76回)を下記のとおり開催いたしますので、お知らせします。 令和8年8月3日(月)14時~16時 文部科学省(東館)3F2特別会議室 及び オンラインでの開催 (1)文化審議会著作権分科会長の選出等について【非公開】 (2)第26期文化審議会著作権分科…
2026-07-27,日本遺産を活用した観光コンテンツ強化事業委託に係る公募型プロポーザルの実施について,city.shima.mie.jp,secondary,https://news.google.com/rss/articles/CBMihgFBVV95cUxQaWZnbGNNSERtNFZTTnF0WjlOX0ZGRFpyMlg2WW1WNHBlRVFlQjdwaVBraVUxc25pWUNTUWhIMG0zRFRzU3QtX014WElTMEVSeDc4SmpEbmN5SkNEeWc4NTU4NWNQeXVHUGk4Nmg5TllrUFFqQUZYZUdYTnU0R1lQc3Q4LUw3dw?oc=5,日本遺産 公募型プロポーザル 活用,
2026-07-27,日本遺産をめぐる佐渡・新潟旅が紹介されました,さど観光ナビ,secondary,https://news.google.com/rss/articles/CBMiV0FVX3lxTFBsMmNtcTRNY2lYR1JNSExxN3dTTE81LUI0OVVBUWVtVHJkbmdJU0loVWt2UzFaU19LZk0xRGhrR3NUMDBuRzIwUXQxTm5HRnlIb3VueTkwbw?oc=5,日本遺産 巡る,
2026-07-27,文化審議会第3期文化施設部会(第2回)を開催します,文化庁 広報・報道・お知らせ,primary,https://www.bunka.go.jp/koho_hodo_oshirase/hodohappyo/94411601.html,文化審議会 文化庁 mext メールアドレス 会議室 会議資料 会議開催 劇場 博物館 関する,文化審議会 第3期文化施設部会(第2回)を開催します 標記会議を下記のとおり開催いたしますので、お知らせいたします。 令和8年8月3日(月)15:00~17:00 旧文部省庁舎2階 文化庁第2会議室 文化施設に関する検討について 等 報道関係者及び一般の方向けに、WEB会議の模様をYouTube Liveにて配信いたします。 ←QRコードからのアクセスも可能…
2026-07-27,文化審議会第10期世界文化遺産部会(第2回)を開催します,文化庁 広報・報道・お知らせ,primary,https://www.bunka.go.jp/koho_hodo_oshirase/hodohappyo/94413801.html,文化審議会 文化庁 文化資源 世界文化遺産 メールアドレス 会議資料 委員会 政策 留意 登録 記念物課 議題 連絡 選定 部会 非公開,文化審議会第10期世界文化遺産部会(第2回)を開催します 標記会議を下記のとおり開催しますので、お知らせいたします。 令和8年8月3日(月)13:00~15:00 (1)第48回ユネスコ世界遺産委員会について (2)世界遺産一覧表に記載されることが適当と思われる物件の候補の選定について 3.会議の公開及び諸連絡について 受付期間 令和8年7月31日(金)12…
2026-07-27,国会議長、文化体育観光部長官と面会し「サッカー協会が透明で公正な組織に生まれ変わるように支援してほしい」と要請,jp.ajunews.com,secondary,https://news.google.com/rss/articles/CBMiW0FVX3lxTE5QRGRuckZuSDY2WEtEVWRtbDNEaXNfdFVIVTd2QXIzMTY5SF9paG1HSWZBajhCMVdUMHlYamh0eHh1VWJtYWJWRUkyN2taSFF5RXo2TjdXOUw2akE?oc=5,支援 文化 観光 長官,
2026-07-27,アル・ウラー、文化観光を通じて古代の星空観察の伝統を蘇らせる,arabnews.jp,secondary,https://news.google.com/rss/articles/CBMibEFVX3lxTE9samVFSmZZcDZnQzJrMnE0SnEzdktVZmJ4b1V6QXN4SGNkbDNwMmJ4SGoySmZPVERJMUFtTFFwWGtMN25HODRTVEhsWDE3UlBlcEF4TWthWGR3QU00LUlEWWJrcUZQenFDMWN4QQ?oc=5,,
2026-07-26,福島市と三春町など文化財保存計画認定 文化庁,47NEWS,secondary,https://news.google.com/rss/articles/CBMiS0FVX3lxTE8zbkNhNW01SEdFd2xCUGl5Y1pwaEVOT3RnMEZLeDhfSTlXNkRJaUoxeUxtUDl1RW9SV2JJdkVKZTF6TDFSSlRzSmg5Yw?oc=5,文化庁,
2026-07-26,文化軽視の政治いつまで 「日本美術館」は不要ですか,日本経済新聞,secondary,https://news.google.com/rss/articles/CBMibEFVX3lxTE9zMjdkbTV5Qkd5R1B6SXlPcEYzeUk0UWNhbWYzYm9hNEdGVUtTS1gwMkJpYlFCMDdzRExheDlzb041aV9BNWpiTmJkLXpGYlRRbmJMRGRGdEdVM29PRlJaN09UbzUzSUNHaXJ5SQ?oc=5,文化 日本 美術館,
2026-07-26,「飛鳥・藤原の宮都」に係る世界遺産委員会決議についてお知らせします(概要),文化庁 広報・報道・お知らせ,primary,https://www.bunka.go.jp/koho_hodo_oshirase/hodohappyo/94413401.html,文化庁 文化資源 世界文化遺産 基準 委員会 宮都 審議 提出 政策 文部科学大臣 日本 求める 決議 藤原 記念物課 飛鳥,「飛鳥・藤原の宮都」に係る世界遺産委員会決議についてお知らせします(概要) 「飛鳥・藤原の宮都」に係る世界遺産委員会決議について 我が国が世界遺産に推薦していた「飛鳥・藤原の宮都」について、第48回世界遺産委員会(会期:7月19~29日、於 韓国・釜山)において審議が行われ、世界遺産一覧表に「記載」することが決議されましたので、その内容の要約を、概要としてお…
2026-07-24,日本遺産 歴史を紡ぐ里沼(SATO-NUMA)―「祈り」「実り」「守り」の沼が磨き上げた館林の沼辺文化― | お知らせ | ニュース,jimin.jp,secondary,https://news.google.com/rss/articles/CBMiXkFVX3lxTE9IWEd2NnJaemRKeWd2cDE0dndTeDhBSnFTcXFMaGhoZFJzSnI4OVRTOEEwZ2pmRjhuYVp1aVoxTnVpNk9UdzFON3g3aENscTFsYVR5MzY3VWNDWjltWnc?oc=5,日本遺産 文化 歴史 紡ぐ,
2026-07-24,文化財建造物の修理現場を特別公開!!,PR TIMES,secondary,https://news.google.com/rss/articles/CBMiakFVX3lxTE56eUFsYTBxTjgwcnk1V3IwVXd5WU1WNXR1R2piYy1QeFl3U2pvWExQS1luVWxzNkxKc25tM3c3d3RyYk0tckhXZno0YzlrRE4ybnNQM3ZXUTNwOGNVUlJvc3lxWllscGJNNUE?oc=5,,
2026-07-24,どこか奇妙な職業体験 真夜中の学芸員,TOKYO NODE,secondary,https://news.google.com/rss/articles/CBMifEFVX3lxTFB2Qm5VdmU1N0hwWnRMSmZ3MGduLXFobG5uLWN3VHBva2ZyWTlyNmV4aGZpOWNWWVlzMXBvU3RSamtHdkZNVlB2THdBY3FwZEJMajhhLUtub0VlMEJDRzVJSERWa2tUemY5NVpDbTZjaGFsRjlVOFhmUTJpVWY?oc=5,,
2026-07-23,静岡文化芸大生に奨学金認定証交付 浜松市のスズキ教育文化財団,静岡新聞DIGITAL,secondary,https://news.google.com/rss/articles/CBMiTkFVX3lxTFBQYTkxQW02OUZZdE95bGxHU1d1ai15czFGVXlaSThTTUhoT0x5U2tNU1E4VG14czd0LXFoR0VSbVg5cTRUaW9veWozYWczZw?oc=5,,
2026-07-23,文化審議会文化財分科会企画調査会(第6回)を開催します,文化庁 広報・報道・お知らせ,primary,https://www.bunka.go.jp/koho_hodo_oshirase/hodohappyo/94409401.html,文化審議会 文化庁 文化資源 会議資料 会議開催 受付期間 撮影 政策 文化財分科会企画調査会 無断 無断転載 留意 登録 記念物課 遠慮 録画 録音,文化審議会文化財分科会企画調査会(第6回)を開催します 標記会議を下記のとおり開催しますので、お知らせいたします。 令和8年7月30日(木)15:00~17:00 会議資料につきましては、会議開催までに文化庁ホームページ内に掲載する予定です。 なお、受付期間を過ぎた場合、登録できませんので御留意ください。 (無断での録画、録音又は撮影は、御遠慮ください。また…
2026-07-23,姫路の日本遺産展を開催します,PR TIMES,secondary,https://news.google.com/rss/articles/CBMiakFVX3lxTE9VY0ZnSGRYbEh5eXM3OXI4VC1KUEFuMVBtaUxIUk11NzhwWTJjNkIySGZMeGRHZlE3Um5JN0l3OFBmU0Q3OElGQUh0RkZRbXJYZkh0alIyWDhQcjczT21WZnVyTWdIcE9jeFE?oc=5,日本遺産,
2026-07-23,<浦幌 博物館 町に必要ですか?>中 唯一の学芸員 重い負担,北海道新聞デジタル,secondary,https://news.google.com/rss/articles/CBMiWkFVX3lxTFBHLWhsaG1fZ3NNR0phT3ZHSGFQY2Zuc3ZadkdZOHNKNDFreXhIa3FiMzMyQ21qUnZadVNJWGpHbHp5RXNLTGw5X2ZiVmN4MmREaUZWUEp1X2VmQQ?oc=5,博物館,
2026-07-22,長岡市文化財保存活用地域計画,city.nagaoka.niigata.jp,secondary,https://news.google.com/rss/articles/CBMifEFVX3lxTFBiUmtORFNmOFpsUDFfZG96YTI0ODhSRnhQZTJNekZYQ2VKeE9OU3hFblZoWmJ5N0ZkREd1TkJUaFNKbGdhcVZWdFM3c251WGNyc2p5Yk41aW1xWlZjbFRHckx0OVl6Znl6dGVUYy1Xd3RIR2hQVUVIeXlObHQ?oc=5,文化財保存活用地域計画,
2026-07-22,文化財保存活用地域計画、文化庁が長岡市を認定・県内6件目 文化や歴史を守り将来へつなぐ,新潟日報,secondary,https://news.google.com/rss/articles/CBMiXkFVX3lxTFBnLTczbXMxVDZWU2NzYUxKLTExUHFqSEJTWXVMdnFxNzZ4SEhDcnRhYTVCalo2MGpDbEdnZXZJa3VhWFV2YjVBNW8xMzhrYzVlMDBmdlZLZkE5MV9XcUE?oc=5,文化庁 文化財保存活用地域計画 文化 歴史 認定,
2026-07-22,文化審議会国語分科会言語資源小委員会(第15回)を開催します,文化庁 広報・報道・お知らせ,primary,https://www.bunka.go.jp/koho_hodo_oshirase/hodohappyo/94410001.html,文化審議会 Eメール kokugo mext 国語分科会言語資源 委員会,文化審議会国語分科会言語資源小委員会(第15回)を開催します 標記会議を下記のとおり開催しますので、お知らせいたします。 令和8年7月29日(水)15:00~17:00 東京都千代田区霞が関3-2-2 E-Mail:kokugo@mext.go.jp
2026-07-21,草の根文化機関 ― 党決議から人民会議決定まで。第2部:民衆を喜ばせる決定を通じて文化機関を活性化する。,Vietnam.vn,secondary,https://news.google.com/rss/articles/CBMi9AFBVV95cUxOY3FVYXdOSkFKN0huWHhkZVRjR01haE4xdjduN3ZReEFuMWN5eVAtWUp5ZHlhcTRzdWg3eVRuOERJMmdSV3h6MW01MWJIOEtQaTlUTjU1TVVfeE5fcWItaE14am5fOEVfNEFGVVBrNzFZcmxpQXpKWFpMU3FOT3dBaWNCSTRPVWJER1R2TEVJbHE5Z3R4UHlwVlpIdmJTNXp4dnlhNFpmdHd3SzZqTTl6VzJIcjhrdFJZMmtnNmJNSmx2TzNudWtKR0ZMYWhucHB1UURhLUNsNDBRVHcyT2hpTWZVcGNJU2QzdDVsS2k1LU93S2Rv?oc=5,決定 決議,
2026-07-21,文化審議会国語分科会(第95回)を開催します,文化庁 広報・報道・お知らせ,primary,https://www.bunka.go.jp/koho_hodo_oshirase/hodohappyo/94409901.html,文化審議会 Eメール kokugo mext 受付期間 撮影 無断 無断転載 留意 登録 遠慮 録画 録音,文化審議会国語分科会(第95回)を開催します 標記会議を下記のとおり開催しますので、お知らせいたします。 令和8年7月28日(火)15:00~17:00 (1)文字・活字文化の振興について なお、受付期間を過ぎた場合、登録できませんので御留意ください。 (無断での録画、録音又は撮影は、御遠慮ください。また、その無断転載も御遠慮ください。) 東京都千代田区霞が…
2026-07-21,室内楽団補助打ち切り 市文化政策に危機感 神戸でシンポ /兵庫,毎日新聞,secondary,https://news.google.com/rss/articles/CBMiaEFVX3lxTE1pRmFzZ0p5Q0htYWhaaHgxSy1xa010ZXJzZlZtR2NrZ1FjVV8tNDlSSFIzb0JSdDhaTDVsUGFYempmbkdVV2JWaTlOUDNOcHpHU0d2SkRRTlRDU0czeEkzeHdXbUFEcXAz?oc=5,文化政策,
2026-07-21,室内オケ補助金の打ち切り方針受け、自治体の文化政策を問う講演...楽団解散で懸念されるものは?「市民の文化活動の実態が把握されていない」,読売新聞,secondary,https://news.google.com/rss/articles/CBMickFVX3lxTE1SdDZSaVhpdTRybEU4NEpxbmhJZUhfOEpxWXlydEhoakRGLUpSdUJrU0ZVbHl1bDQxajQ2YW11dG5sRnI2a2ViMnBzUHhsU3dfRmNOVGFWMVJ6NVJUR2E4R1QtZmdXVXFNNGZDSjhiM2RNUQ?oc=5,文化政策,
2026-07-21,「ザ・バックヤード 知の迷宮の裏側探訪 文化財保存修復研究センター」文化財の“大学病院”、その知恵と技術に迫る 7月29日 Eテレ,美術展ナビ,secondary,https://news.google.com/rss/articles/CBMiaEFVX3lxTE9LeGpnSC12UmloSEZ0a0owRGFhb2FKVm5zLWFTZF9EeEMwb0JvMzVpa0RaMW96aFhSUUZPS2JnWG9ZSElSTGZoVjFOWlAxWk9Hcl9DWjU0azRMTWN1WVZNZmNGOHV0WnE1?oc=5,文化財,
2026-07-21,Netflix、文化庁らと共に映画の“ピント職人”を育成プログラム開催 講師は『キル・ビル』制作スタッフが担当(KAI-YOU),Yahoo!ニュース,secondary,https://news.google.com/rss/articles/CBMif0FVX3lxTE5nenVXZzB3QnVaSnp1VzRGakZ5Y0xvYU1hd2ticFBqbC14Q2NmMVIwQzdfR3hqRXRXQjlpb2IwS1FKa01PSlBYMmhJek84YTlYVlBiUG5iaWpjMTlKMkQyM192LXY0VnloeG1VSHB1XzFjRHZ1YzBoSVhxRFJ4dFU?oc=5,文化庁,
2026-07-20,推進議連が彦根城視察 世界遺産登録向け 文化庁に要望書提出 /滋賀,毎日新聞,secondary,https://news.google.com/rss/articles/CBMiaEFVX3lxTFBaOUpKY2JidzdVZEI2WDJ4cHpZMC1KYXlRejczODVSbXFPSFFyUWVVTkVNUGotRktsV1FjRG16VVhPUlp5dFVOZmRqUWZjemgzNUxmTjNnQWVtY1FSWUZZRlZkZElndDNT?oc=5,文化庁 世界文化遺産 提出 登録,
2026-07-19,国宝・彦根城の世界遺産登録へ、議員連盟が文化庁に要望書を提出 「一刻も早く登録を」,中日新聞Web,secondary,https://news.google.com/rss/articles/CBMiVEFVX3lxTE9nSWI0Sjdkd01GM0ppQTZzdi13OUh2TkVoa3ZfOXlqMDRZQ2dETHo5d2lqQTFNRmprcnVHZDUyQ0xYVmd6TC1TQ3F0V0wtQ0IxLUYtQw?oc=5,文化庁 国宝 世界文化遺産 提出 登録,
2026-07-18,湖西市、森町の「文化財保存活用地域計画」 文化庁が新たに認定,静岡新聞DIGITAL,secondary,https://news.google.com/rss/articles/CBMiTkFVX3lxTE5xejVGYWJmQm5zVVJrcG9FZkNGUFlYU2FKeENfTkNTR2pwbVllajFqYWJpc3YxNEhETjBzQzV1dXNmQnA1X01vYWVYRy13QQ?oc=5,文化庁 文化財保存活用地域計画 認定,
2026-07-18,文化財守り観光活用へ 「気比の杜整備構想」など福井県敦賀市の保存計画を文化庁認定,中日新聞Web,secondary,https://news.google.com/rss/articles/CBMiVEFVX3lxTE1NbUctZnFJOHBYU0pHTGY2cG1IekxjVVE0bHFSZXAtV09Vc3BXTE5IUzJtQXp4bjZpWDEybGhodjJfZThNamZFTlVLVkxUeXV3S25FbQ?oc=5,文化庁 文化財 活用 観光 認定,
2026-07-18,令和8年度文化庁伝統文化親子教室事業(地域展開型) 心と身体を整え、豊かな心を育む伝統文化体験 『心と身体(からだ)を漢字(かんじ)る 一語一会 ~京都・金沢~』,京都新聞デジタル,secondary,https://news.google.com/rss/articles/CBMigAFBVV95cUxPdG4tbXJObVNhWC1hUXZHQnNSam9iUWNGWDFHdmNfaTg0TzZmWk14UFpxYXJQdk1XUlcyZGsyYlRyZGNpSFZuTFpZdDNvaFRlOEYwWHl6M1VtV1JKbVVHOUF3LTFzTF9aZjQzRGtURkxQZHNhcDA2T21ya243Q1ZURA?oc=5,文化庁 事業 地域 展開,
2026-07-18,【詳報】文化庁、群馬・長野原町の文化財保存活用地域計画認定 歴史文化資産を活用した事業展開へ,上毛新聞電子版,secondary,https://news.google.com/rss/articles/CBMiWEFVX3lxTE5wcm1PMW5yYWNWbVZIdHcwb1hWajRfNEF1bG12eS1aY0dfTHZ0V0ViSG9YekNsSTRBeFpYazg1b3N4Q2o5Q1RCTWtSOGM4NVpqYklWWmxLQm8?oc=5,文化庁 文化財保存活用地域計画 事業 展開 活用 認定,
2026-07-17,特別展 「福岡市博物館収蔵 幽霊・妖怪画コレクション」,美術展ナビ,secondary,https://news.google.com/rss/articles/CBMiaEFVX3lxTE1MN1JfUnNBTWFJUDhIS0k3WnhBZWhOSkxITkl1aEtmMjNCYTZmY3B3M1hKSlpXYWc3djlVbVk0d1VlcGNiYVhoUkF3c05IcUhlYTJtd051czRPMFdKb2M2Z3dCa1pTd1M2?oc=5,妖怪画コレクション 幽霊 特別展 福岡市博物館収蔵,
2026-07-17,文化財保存活用地域計画を19件認定しました,文化庁 広報・報道・お知らせ,primary,https://www.bunka.go.jp/koho_hodo_oshirase/hodohappyo/94407501.html,文化審議会 文化庁 文化財保存活用地域計画 別紙 同審議会文化財分科会 地域計画 答申 認定 資料 長官,文化財保存活用地域計画を19件認定しました 文化審議会(会長吉田(よしだ)ゆり子(こ))は、令和8年7月17日(金)に開催された同審議会文化財分科会において、19市町の文化財保存活用地域計画を認定することを文化庁長官に答申しました。これを踏まえ、文化庁長官は答申のあった文化財保存活用地域計画を認定しました。 ●令和8年7月17日に認定した文化財保存活用地域計…
2026-07-17,文化審議会第6期文化経済部会建築文化ワーキンググループ(第1回)を開催します,文化庁 広報・報道・お知らせ,primary,https://www.bunka.go.jp/koho_hodo_oshirase/hodohappyo/94410601.html,文化審議会 文化庁 文部科学省 会議室 会議資料 会議開催 期文化経済部会 運営,文化審議会第6期文化経済部会建築文化ワーキンググループ(第1回)を開催します 標記会議を下記のとおり開催いたしますので、お知らせいたします。 令和8年7月24日(金)10:00~12:00 冒頭は人事案件のため、配信開始は10時15分ごろを予定しています。 文部科学省会議室 ※WEB会議併用 (1)ワーキンググループの運営について (4)建築文化の振興に係る…
2026-07-17,文化審議会の答申(重要無形文化財の指定及び保持者の認定等),文化庁 広報・報道・お知らせ,primary,https://www.bunka.go.jp/koho_hodo_oshirase/hodohappyo/94408701.html,文化審議会 文化庁 保持者 克彦 別紙 参事官 同審議会文化財分科会 審議 指定 文部科学大臣 答申 経る 認定等 議決 資料,文化審議会の答申(重要無形文化財の指定及び保持者の認定等) 文化審議会(会長日比野(ひびの) 克彦(かつひこ))は、7月17日(金)に開催された同審議会文化財分科会の審議・議決を経て、別紙のとおり重要無形文化財の指定及び保持者の認定等について、文部科学大臣に答申しましたので、お知らせします。 詳しくは、別紙の資料「I.答申内容」「II.解説」「III.参考」…
2026-07-17,文化審議会の答申(選定保存技術の選定及び保持者の認定等),文化庁 広報・報道・お知らせ,primary,https://www.bunka.go.jp/koho_hodo_oshirase/hodohappyo/94409501.html,文化審議会 保持者 克彦 別紙 同審議会文化財分科会 審議 文部科学大臣 答申 経る 認定等 議決 資料 選定,文化審議会の答申(選定保存技術の選定及び保持者の認定等) 文化審議会(会長日比野(ひびの) 克彦(かつひこ))は、7月17日(金)に開催された同審議会文化財分科会の審議・議決を経て、別紙のとおり選定保存技術の選定及び保持者の認定等について、文部科学大臣に答申しましたので、お知らせします。 詳しくは、別紙の資料「I.答申内容」「II.解説」「III.参考」を御…
2026-07-17,文化審議会の答申(登録有形文化財(建造物)の登録),文化庁 広報・報道・お知らせ,primary,https://www.bunka.go.jp/koho_hodo_oshirase/hodohappyo/94408101.html,文化審議会 登録有形文化財 事例 克彦 同審議会文化財分科会 審議 建造物 文部科学大臣 登録 答申 経る 議決,"文化審議会の答申(登録有形文化財(建造物)の登録) 文化審議会(会長日比野(ひびの)克彦(かつひこ))は、令和8年7月17日(金)に開催された同審議会文化財分科会の審議・議決を経て、新たに163件の建造物を登録するよう文部科学大臣に答申しました。 この結果、官報告示を経て、登録有形文化財(建造物)は15,041件となる予定です。 今回の答申件数とそれを加えた…"
2026-07-17,人間国宝に4氏 長唄鳴物の藤舎秀蓬さんら―文化審,時事ドットコム,secondary,https://news.google.com/rss/articles/CBMiY0FVX3lxTE1LMG81cUJQMDdKVEhLdWFIajU0N0JXdU01NzdZb29OeEphMU1QREZpZGxLZlF6RTZzR1hPTU1QTUtQT3NSMnJ1R1dOZkFhcm1hR3llaWlENnZlRzJkbEctenhMTQ?oc=5,文化,
2026-07-17,世界12カ国67名が佐渡の文化財保全を支援、出資達成率90%を突破!「PlanetDAO」佐渡・北條家住宅プロジェクト、7月22日に出資募集締切へ,PR TIMES,secondary,https://news.google.com/rss/articles/CBMiakFVX3lxTE5TZlhXZmlsRDY0dWg1RS01OUlRNDZKRGRpOTc2WlhzckNPTURzcUp0T2FFNmY4cFRNX3FERmpLQTJFalgxR1h5N0hoZUw4ZGpaVjhyUEdSSkxSN1U3Y092QndydjZIbUttbFE?oc=5,支援 文化財,
2026-07-17,【速報】浅間噴火、高原開拓に光 群馬・長野原町の文化財保存活用地域計画が認定 文化庁,上毛新聞電子版,secondary,https://news.google.com/rss/articles/CBMiWEFVX3lxTE1rUjBId3NvZUtaVGU4ZWlRVVV0ZTJLdGdkMnNZOE90Y2ZlTGFKUXFCaXkwSkVPOVItTVhHR200bWxyMmw3TXl1LXJpOVZDZVZSS29pVzlUQlc?oc=5,文化庁 文化財保存活用地域計画 認定,
2026-07-16,森町文化財保存活用地域計画(案)パブリックコメントについて(終了しました),town.morimachi.shizuoka.jp,secondary,https://news.google.com/rss/articles/CBMiqAFBVV95cUxPZEkzZDY5Q2Y3dVlEMTVqNXJHTVJadmgtZl9PZUdNSWxXeXdvaTR0UkVLd1JWSVBTRzNRc1hjaEdLTXkzRHpteTVhdHZBcDBOaVRoVVZBSERZbVl2YVBGd203S191VmV2dzlEVXdEZWVLX2VCVWNMNEtCb3dnY0ROaG9hWjZKTjhRVzJyb0ZIODZTcVZrYk85aTlWeHBicE5tNFFmZ3JHUUI?oc=5,文化財保存活用地域計画,
2026-07-16,日本遺産 銀の馬車道関連事業,town.kamikawa.hyogo.jp,secondary,https://news.google.com/rss/articles/CBMiX0FVX3lxTE9iXzBxMTIwSGZGak1RUzFvTms5dkpCM1dmMnUwV0hxa05RNktCU2FSWnZ3Rk4xYUtqbHJwQUZqSFloRHliaVdXRGpDakxPMUlRMkpMQzFQeU5ZT0JkcEs4?oc=5,日本遺産 事業,
2026-07-14,第55回全国高等学校総合文化祭の開催地の内定(大分県),文化庁 広報・報道・お知らせ,primary,https://www.bunka.go.jp/koho_hodo_oshirase/hodohappyo/94407701.html,文化庁 参事官 回全国高等学校総合文化祭 芸術文化担当,"第55回全国高等学校総合文化祭の開催地の内定(大分県) この度,令和13年度(2031年度)に行われる第55全国高等学校総合文化祭の開催地を、大分県に内定しましたので,お知らせします。 なお,大分県は,昭和54年度開催(第2回)以来,2回目の開催となります。 1.全国高等学校総合文化祭の目的 全国高等学校総合文化祭は,昭和52年から開催されている全国の高校生…"
2026-07-13,【アヌシー現地レポート】仏アニメーション市場、製作減速の一方で映画は過去最多——文化政策のモデル再設計の必要も,Brand New Creativity,secondary,https://news.google.com/rss/articles/CBMiWEFVX3lxTE4xQnFaUENqalU0S0ZEUEh1TkItRi0wVWx1X3RPN1RrSFM3T2szbmhRblNYYzF6ZWJVeWplWjM0aFU4dUItX1BaZVdDSTZ2YlZaakctSkNlRFo?oc=5,文化政策,
2026-07-10,日本遺産 歴史を紡ぐ忍びの里 伊賀・甲賀―リアル忍者を求めて― | お知らせ | ニュース,jimin.jp,secondary,https://news.google.com/rss/articles/CBMiXkFVX3lxTE5seW1BSkF5S0x2WGllQzFDSUpha21yblQ4YlZDZDgtU0x3RkVmTE1qWEFNUGwtdFliOEtoZkwweWQwUXhwaEYwLWFZM3lOXzhaNjA4aExobjh0V3llanc?oc=5,日本遺産 歴史 求める 紡ぐ,
2026-07-09,長野県の文化芸術活動支援組織に「自治体表彰」 「信州アーツカウンシル」の政策評価,信濃毎日新聞デジタル,secondary,https://news.google.com/rss/articles/CBMicEFVX3lxTFB1ZTBENC0takRGRDk0dUcyOXpiUVFxWjZwRzU2UXFGbFlQenp3ZUlCeWhRRThFeWdqMEE1cDV6ajVrdW9VYzF0N1RjV0dRZ0g0X0ZKM0lnbGp2N1RBcWlRSUNNV254QXBVdWVPdHg5d0M?oc=5,支援 政策,
2026-07-09,神戸市室内管弦楽団や神戸文化ホール、神戸市の文化行政について考えるシンポ 神戸で20日開催,神戸新聞,secondary,https://news.google.com/rss/articles/CBMibkFVX3lxTE9rWHJPZ1psNjhfNkR2YmRETUN1VmFGWmNRRXhOcldXVHFjZXR0cThTYTFtZ1ZFWmhPbW93UFF0ZUE0OXB6R3dUUmdGSzJxc3BzRXZwUGI2MW8xaGlYNTMtZ2JFdHQxRWdFWHhOTjFR?oc=5,文化,
2026-07-09,次世代のマンガ海外発信のためのプラットフォーム構築に向けたコンソーシアム第2回会議を開催します,文化庁 広報・報道・お知らせ,primary,https://www.bunka.go.jp/koho_hodo_oshirase/hodohappyo/94406001.html,文化庁 mext コンソーシアム 参事官 向ける 芸術文化担当 非公開,次世代のマンガ海外発信のためのプラットフォーム構築に向けたコンソーシアム第2回会議を開催します 次世代のマンガ海外発信のためのプラットフォーム 構築に向けたコンソーシアム第2回会議を開催します 標記会議を下記のとおり開催しますので、お知らせいたします。 令和8年7月16日(木)16:00~18:00 ※非公開(会議終了後、記者ブリーフィングを実施予定) 議事…
2026-07-09,【総合文化政策学部フェアトレード・ラボ】フェアトレード商品を使用した、コラボメニューとなる「フェアトレード・ココナッツマンゴーアイス」を「L for You AOYAMA」にて販売中,aoyama.ac.jp,secondary,https://news.google.com/rss/articles/CBMiaEFVX3lxTE1GUzBOdkJQV3hvZWxFcVZSRktacU4xbmR2eGwySXZXYWw0d3Z3QTZJVVRRRXRKalowbUN2aWRGaGIxRkZ1T3JwN2t6SmNicjFGeXY0TTJrVUlaNnFXVkFXQWRYLVNRY0Rl?oc=5,,
2026-07-07,重要文化財を未来に引き継ぐ 赤れんが6号棟保存修理工事の進捗状況,city.maizuru.kyoto.jp,secondary,https://news.google.com/rss/articles/CBMiaEFVX3lxTE1OQlVjc3ZBODNmMjJhV0VSQmk2bkNJUTF2Z3dWNUJad29WU1ZKTWk0SFkzSjhFRzlBWWZzU1NUM3VMTnQxYjZDQ0xiSGJGTU4tTXhXcnJNM0gtSEE0Q3VfMUN6R2NvclFE?oc=5,未来,
2026-07-06,文化審議会文化財分科会企画調査会(第5回)を開催します,文化庁 広報・報道・お知らせ,primary,https://www.bunka.go.jp/koho_hodo_oshirase/hodohappyo/94403901.html,文化審議会 文化庁 文化資源 会議資料 会議開催 受付期間 撮影 政策 文化財分科会企画調査会 無断 無断転載 留意 登録 記念物課 遠慮 録画 録音,文化審議会文化財分科会企画調査会(第5回)を開催します 標記会議を下記のとおり開催しますので、お知らせいたします。 令和8年7月13日(月)10:00~12:00 (1)有識者・関係省庁からのヒアリング 会議資料につきましては、会議開催までに文化庁ホームページ内に掲載する予定です。 なお、受付期間を過ぎた場合、登録できませんので御留意ください。 (無断での録…
2026-07-03,日本遺産 歴史を紡ぐ旅人たちの足跡残る悠久の石畳道─箱根八里で辿る遥かな江戸の旅路─ | お知らせ | ニュース,jimin.jp,secondary,https://news.google.com/rss/articles/CBMiXkFVX3lxTE4yMXphUV9IcGk3bnpfMjhSMXVQN1g5eTMtc21kaGZibmhPVGpJaGdYVXFvakgya2g3M1NUcmRRRWlsbXFZZERqczBKYkNMWlZ2aDNSMFlpUl9sVlZrc2c?oc=5,日本遺産 歴史 紡ぐ,
2026-07-03,クリエイター支援基金(文化芸術活動基盤強化基金) 令和7年度補正予算事業「コンテンツ制作・発信を支える中核的専門人材育成・確保等」(第1次)採択先の決定,文化庁 広報・報道・お知らせ,primary,https://www.bunka.go.jp/koho_hodo_oshirase/hodohappyo/94401901.html,クリエーター支援基金 コンテンツ制作 中核 事業 公募 参事官 強化基金 採択先 支援 文化芸術活動基盤 決定 活用 発信 芸術文化担当,クリエイター支援基金(文化芸術活動基盤強化基金) 令和7年度補正予算事業「コンテンツ制作・発信を支える中核的専門人材育成・確保等」(第1次)採択先の決定 クリエイター支援基金(文化芸術活動基盤強化基金) 令和7年度補正予算事業 「コンテンツ制作・発信を支える中核的専門人材育成・確保等」(第1次)採択先の決定 独立行政法人日本芸術文化振興会に置かれた「クリエイ…
2026-07-03,【総合文化政策学部】<デジタルストーリーテリングラボ>リアル空間とバーチャル空間を横断する謎解き脱出イベント「モルフォニア・シンフォニー:崩落からの救出」,aoyama.ac.jp,secondary,https://news.google.com/rss/articles/CBMiakFVX3lxTFA3OE1lNzN4N3o0U01qNG1hb3J3dlpianBucDlUQktyUXkxTnhUV1BmZlQ2TUZYVG9BaUtCYTIzRk11SVlSNU93V2R3U0JoWDMtaHNvWU9Kc2RrQjhQck5ZZHNtTkplOUpvMWc?oc=5,,
2026-07-02,美術館の「見せる収蔵庫」をめぐる論争──新刊が突きつける保存と公開のジレンマ,ARTnews JAPAN,secondary,https://news.google.com/rss/articles/CBMiT0FVX3lxTE0tNkxXXzBMcVFWdmVCSkdaTGpZbjZXM0NTRUZ4SkZIV0VWZEt5eDI0dVdqUnRtMU1MNXRhSGYyeVhtcXB2elppNlViMXZzSXc?oc=5,保存 収蔵庫 巡る 美術館,
2026-07-02,文化政策と議会議事録分析,読売新聞,secondary,https://news.google.com/rss/articles/CBMiZ0FVX3lxTE9qMEk1cjBfRnc3ZHpkckkwOV9hVkE2elVXLUVCRHpkUjdUaW84Ymc3YkhuSTJZaHBsZTYtXzhxSHVCN1BZZktCUzJDc2d5VGh3YUp1cFp1Q2pRNjhZQ0phekFMOVIzVkk?oc=5,文化政策,
2026-07-02,文化審議会第10期無形文化遺産部会(第1回)を開催します,文化庁 広報・報道・お知らせ,primary,https://www.bunka.go.jp/koho_hodo_oshirase/hodohappyo/94401801.html,文化審議会 文化庁 文化資源 無形文化遺産 メールアドレス 事例 会議資料 委員会 政策 留意 登録 記念物課 議題 連絡 部会 関する 非公開,文化審議会第10期無形文化遺産部会(第1回)を開催します 標記部会を下記のとおり開催しますので、お知らせいたします。 令和8年7月9日(木)14:00 ~ 16:00 (1)部会長及び部会長代理の選任について (2)文化審議会無形文化遺産部会運営規則等について ・ユネスコ無形文化遺産保護条約第20回政府間委員会の概要について (4)ユネスコ無形文化遺産登録後…
2026-07-01,日本遺産北前船カードラリーを実施します,さど観光ナビ,secondary,https://news.google.com/rss/articles/CBMiV0FVX3lxTE1YNl9tSWx1alNsQzhfS1Q4WjhHWHJra0hNNTI2NmJUeEpLU3JSRDNVUzZTdGtYaUZDY09WMW14UXZqXzBfcUdURTVkVEJScWJqSkRsSDRUQQ?oc=5,日本遺産,
2026-07-01,令和8年 夏の文化財防火運動の実施~みんなで文化財を火災からまもろう~,city.kyoto.lg.jp,secondary,https://news.google.com/rss/articles/CBMiZkFVX3lxTE5mdU9WN0Jpb29OMlhYY1diYVdZekNYQ3ZLLTZfaDBpbEhIaEdmVk9MNE8zZmN3UEhkeXRTVnd4QTd4cXVJVU13MGFQNUtXbGNJckpTbWVrYnBIWWt5LURuR3lXbUxHQQ?oc=5,文化財,
2026-07-01,「断末魔の叫びとならないように」カンヌ受賞の映画監督 高市首相が“お祝いコメント”も...日本政府の文化政策に呈していた苦言,女性自身,secondary,https://news.google.com/rss/articles/CBMiakFVX3lxTE5Eekt3TFFzZWlieEdCa0JLMVhFbWYzbmJkS0JySE9CTVBOREU0aVpSdEpTb1JwVk9kbldKYW1WMzlnTnRzc05TUlp4V1Q3d1FZNDJqYlB2Nk5xY2hCRm5xNTQ1SUFFdUxrLWc?oc=5,受賞 文化政策 日本,
2026-06-30,東京国立博物館「日本美術のとびら」がリニューアルオープン 研究員の専門的知識と約12万件の収蔵品・データベースを活用 内田洋行グループが「一期一会」の鑑賞体験を実現,PR TIMES,secondary,https://news.google.com/rss/articles/CBMiakFVX3lxTE5kUUU5UFNTUlMtY1ZmbWRXeUFkZl8tUW9ENHpJcDBLdVFFeVVJWWRWcnBISGtRR1ZiU1RiX1pjaDdNMUZpYTBlcFRwRlNxNFV6SVRkTWc0OXlDV0d3RUVXZ1hIUjZfRGFZNWc?oc=5,収蔵品 日本 活用,
2026-06-30,【登録団体向け】文化芸術団体等と障がい福祉施設等の交流支援制度について,city.niigata.lg.jp,secondary,https://news.google.com/rss/articles/CBMiggFBVV95cUxPaVJ3U1NUcVhKR3RSeDdFb09fRVhWdGg3NXpCUVlJQm9wd25FVWxEOGlXMVc0WlNkWTlXS05tb05fV05pRWdsbjBJLU5NQzJSbV9zWk9wZElOQ1lOcVE3Ylcza29rejVsVlAzZVA5cDl6WWF3YjJmMVJmTldJNms4NWtB?oc=5,登録,
2026-06-29,国宝キトラ古墳壁画の公開,文化庁 広報・報道・お知らせ,primary,https://www.bunka.go.jp/koho_hodo_oshirase/hodohappyo/94399501.html,文化庁 文化資源 国宝 亀虎古墳壁画 古墳壁画 文化財 案内 歴史 決定 活用 飛鳥,この度、キトラ古墳壁画保存管理施設(キトラ古墳壁画体験館 四神の館 内)で国宝キトラ古墳壁画を公開します。 (同時発表:奈良県政・経済記者クラブ、奈良県文化教育記者クラブ、橿原記者クラブ) 令和8年8月1日(土)~8月30日(日)9時30分~16時30分 (閉室日:8月12日(水)・8月26日(水)) 「キトラ古墳壁画体験館 四神の館」内 キトラ古墳壁画保存…
2026-06-28,埋蔵品発掘の最前線 文化庁調査官が講座 江戸東京博物館で7月10日 - tokyo-np.co.jp,tokyo-np.co.jp,secondary,https://news.google.com/rss/articles/CBMiU0FVX3lxTE5WbHRIY1ZCeUx0cHl5RGo4SS1hdWJwSGFFMWVkQ0dWZ3JDZEVYQmx1cEx5dWN6TG54cERocnU0X1BKNlJPTl9Uc01pSTlxckJ3bHJN?oc=5,文化庁,
2026-06-27,国立映画アーカイブがクラファンに頼る窮地の報道に、文化庁は事実誤認を指摘。そもそもの問題は? #エキスパートトピ,Yahoo!ニュース,secondary,https://news.google.com/rss/articles/CBMiiAFBVV95cUxQVUtOLTlETnpfLTcxbkNEWXEyNE9sVWlPenAydDVXZFZCekl2bWtWc3RCdEp2TXlHanlFcS1OTWVXOGgxbnNFQ0d1RlAtS25MSU5NLXJyZzFkTE5ESUpXblZ5Nl9wU0FPTlAzWFduNjRKal9pVWRvenV5a3VxMWc2MjNxRGJDTVlu?oc=5,文化庁 報道,
2026-06-26,国立博物館収蔵の車両がオークションに出品。とんでもない値がついた...! しかしこれほどの物語のあるクルマが一体ナゼ...。奇跡の名車「REDコルベット」を紹介,ヤングマシン,secondary,https://news.google.com/rss/articles/CBMiV0FVX3lxTE5CLXRVUUJrOHE1WVFwWE8wUE5OWEVrazgyRHdIMzBQY1phRjhRODlPWlQ5VkdnT0NzbzVHbmVtb0cydVg0WEVHcVJnNlNoTTNDQmxMUEVtcw?oc=5,国立博物館,
2026-06-26,【神戸須磨シーワールド】神戸須磨シーワールドが博物館法に基づく「登録博物館」に認定,神戸新聞,secondary,https://news.google.com/rss/articles/CBMicEFVX3lxTE5pU0RmN2lpenJXWjB4dG1EMlRJajNENndMckpCQzJuMERqVFZ2WUY1TDZnaEp3dGp4QWRSUG1iY1FyMGRWc2xZM1pKYUp4V240TFBGMjY3MnpSd01CYlZlNk00N01MUmkzTUJuY0ZiR3E?oc=5,博物館登録制度 博物館法 認定,
2026-06-25,鉄道博物館 収蔵資料展「いろいろ、とりどり。鉄道広告 ~あの日、あの場所、あの広告~」の開催について,PR TIMES,secondary,https://news.google.com/rss/articles/CBMiakFVX3lxTE5SRjI1alBCeXFNNER3WnFDXzUyc2pIWC1UczZWWFpaX0ppTXQ4RnN0YnhBcEdLMjhnNnUwN1NLV1JQNmRTeHR2aEtVeW5CNkpmZWRPN1B4bGhsa3NEcHF5Nmpha0E5aFM1NlE?oc=5,,
2026-06-25,日本の小説・雑誌を世界へ 文化庁協議会が戦略、翻訳家の育成も,日本経済新聞,secondary,https://news.google.com/rss/articles/CBMibEFVX3lxTFB4ZEQ0MDltVXpfT1hvOWxNRXVPY2NqVm92YW01U0I5SFlYc3NhdkRxUFNNZTZ2MjFTMzVqR3Y1Z1dlOGRvQmFzd3NGYnAzY3J3MWg0T2wyR056akRDLTI5OHBYNGxWUGNfTGhmZA?oc=5,文化庁 日本,
2026-06-25,文化庁、文化観光推進法の拠点・地域計画策定を支援、7月3日まで公募,観光経済新聞,secondary,https://news.google.com/rss/articles/CBMiVEFVX3lxTE9WZWstOGZ5MnFyVGcxVzlVMWQ3SDQxS19Ubndna2gwc2hKM1JsLWg2UUQtaVJlckoxM1cwSHoyUVRmWjZQcG9EN0dRWUtiTTVCRmRmbA?oc=5,文化庁 文化観光推進法 公募 地域計画 拠点 支援 策定,
2026-06-25,【国立映画アーカイブ】クラウドファンディングプロジェクト開始のお知らせ,PR TIMES,secondary,https://news.google.com/rss/articles/CBMiakFVX3lxTE1iLTk0STFuV0ZNQlJlTTZkY05INjJqaDdOaEJHamUyU05MNWt5U2duMkJFblB0aHdhS0MtOWFFNjNCMWFUZzB6OXBjMUJzNWlWTXp5S3hkakZ5VTFiUjlqd3gyQ0xQWmFqakE?oc=5,,
2026-06-24,博物館ワーキンググループ(第2回)の開催について,文化庁 広報・報道・お知らせ,primary,https://www.bunka.go.jp/koho_hodo_oshirase/hodohappyo/94397001.html,文化庁 メールアドレス 会議室 会議資料 会議開催 博物館 参事官 向ける,第3期文化施設部会 博物館ワーキンググループ(第2回)を開催いたします 標記会議を下記のとおり開催いたしますので、お知らせいたします。 令和8年7月1日(水)15:00~17:00 文化庁第2会議室 ※WEB会議併用 博物館の機能強化に向けたコレクション・マネジメント等の在り方 博物館登録事務の所管の在り方 等 報道関係者及び一般の方向けに、WEB会議の模様…
2026-06-24,スポーツ庁・文化庁・観光庁、スポーツや文化芸術資源と観光を融合する取組みを表彰、アワード募集,トラベルボイス,secondary,https://news.google.com/rss/articles/CBMiVEFVX3lxTE5kUjJ0SkFFMTVPQ2F5enh2aG1jMkE1aXdCeXFQc2lwMVBxTFhTUnEyQjNUSTZCV05SMWNrYVRjVjNqLXUwc3RvNzhlNGVXOEFxNUR5ZQ?oc=5,文化庁 観光庁 観光,
2026-06-24,「漫画配信、共通プラットフォームを」 伊藤学司・文化庁新長官に聞く,日本経済新聞,secondary,https://news.google.com/rss/articles/CBMibEFVX3lxTFA4clVpZXdES3FaLVZZWHlGRnJMOU04WGdZeWduRmNfVmFxbDVITGQ5WjhCUlk0MGVXeWM1UVJWSlE2WnI2NVk0dWlYTmtZVDZVNnVVSXZiUGhkeW1INnVDdzVrTWNfMWNtQXg0dg?oc=5,文化庁 長官,
2026-06-23,豊科郷土博物館 収蔵品の点検・台帳更新進む 農具、生活用品、役場の備品...活用法を模索,市民タイムス,secondary,https://news.google.com/rss/articles/CBMiZEFVX3lxTFBiOHdsV0x2bUhHWHZTTzByU3NaTXY0UnRRS1YyVy1naDYxLVRyR2ZJMEMzeHRfbkZFUm9RQWJUbm03eUxJYmdoZ2RZUmVqYndFbloxSnppMjFxX1c2QWNuT25EUWc?oc=5,博物館 収蔵品 活用,
2026-06-23,旧統一教会の解散命令「確定」 文化庁「国側の主張認められた」,毎日新聞,secondary,https://news.google.com/rss/articles/CBMiaEFVX3lxTE1fQVpIdzFrYVFzc0hSWnI3Rm82QjVQbkJIdzFxeEZITlU2MTZPUExwOU45c0hXZzZkMmxVUVZHSFY3YmlBWmpuNXFrSWxHdndxdFBoUERtWUU4U0o1VkRyOHJSNnNQN1BV?oc=5,文化庁,
2026-06-23,文化審議会国語分科会言語資源小委員会(第14回)を開催します,文化庁 広報・報道・お知らせ,primary,https://www.bunka.go.jp/koho_hodo_oshirase/hodohappyo/94396301.html,文化審議会 Eメール kokugo mext 国語分科会言語資源 委員会,文化審議会国語分科会言語資源小委員会(第14回)を開催します 標記会議を下記のとおり開催しますので、お知らせいたします。 令和8年6月30日(火)15:00~17:00 東京都千代田区霞が関3-2-2 E-Mail:kokugo@mext.go.jp
2026-06-23,京都市上京区で文化財修理現場を公開 「同じ工法・同じ材料が原則」と府職員が説明,京都新聞デジタル,secondary,https://news.google.com/rss/articles/CBMiWEFVX3lxTFBSbUVuS1JrQVA0S0RYV1ZOejFaMGRkQ0JGZHdWRTZfaGdWMUhsczdoSFE1aXliRUhDcUF6TzBWV2R0YUNxN2ZJVHYwSmZnMjFCRENmaFU0S0U?oc=5,,
2026-06-23,【別府大学附属博物館】企画展「九州の日本遺産」を開催します(7/23~9/30)※観覧無料,別府大学,secondary,https://news.google.com/rss/articles/CBMi0AJBVV95cUxNSFFwdmlERlFydUk3bnZUQnU2SVNTS2pxcVZtTl9EVWotazd2ZUpXbUdLeVE5MGdUalZfdHZFQTZmMDVXNzAzZDh2RW5sZlMzbnk0TEhpLWdCb2Fzd3Rxc3RJS29hbnJvRmNwdTFtNkQ4UXJESVFqUndfZ0dFS2R3UzdfMlFudnNMdm44YV84SWViSE1XeW1CUVFHa0ZmMkxOZ1VCMDhrNlRiVXplcUlTWUtUaXpLS1RfUUo2bWpleDlkR21ZRDVzMGEzQWg5Y0tpSDcwOTdpUWh5djF2OEZsdjlZVkRXWkZQazNzWTQ3M3FhUU43NWhUWVUtM3FNRDl4eFk5NzBZc3JwbUpfUTJ1LXdkU3dXYnZ2cDJZRnMwMjlEaXFwaHpFdlcteTZFNFZldzRBeXJlVXpKdUpVMzBhNmw0LWxhZVFfNHl3TFBwcDc?oc=5,日本遺産 企画展,
2026-06-22,第2回活字文化グローバル展開協議会を開催します,文化庁 広報・報道・お知らせ,primary,https://www.bunka.go.jp/koho_hodo_oshirase/hodohappyo/94396601.html,文化庁 mext 中核 別紙 展開 撮影 策定 長官 非公開,第2回活字文化グローバル展開協議会を開催します 文化庁は、業界や社会全体で我が国の活字文化をグローバルに展開する機運醸成や世界市場をターゲットに作品を展開するための戦略づくりを行うことを目的に、作家、アカデミア、出版関連業界、関係省庁等から構成される協議会を令和7年12月に発足しました。 本協議会では出版社の垣根を超えた海外展開や翻訳家や出版社等の中核的人材…
2026-06-22,文化審議会第10期世界文化遺産部会(第1回)を開催します,文化庁 広報・報道・お知らせ,primary,https://www.bunka.go.jp/koho_hodo_oshirase/hodohappyo/94397401.html,文化審議会 文化庁 文化資源 世界文化遺産 メールアドレス 会議資料 政策 留意 登録 記念物課 議題 連絡 選定 部会 非公開,文化審議会第10期世界文化遺産部会(第1回)を開催します 標記会議を下記のとおり開催しますので、お知らせいたします。 令和8年6月26日(金)13:00~15:30 (2)文化審議会世界文化遺産部会運営規則等について (3)世界遺産一覧表記載資産の保全状況について (4)世界遺産一覧表に記載されることが適当と思われる物件の候補の選定について 3.会議の公開及…
2026-06-22,文体部が文化政策金融公社を検討コンテンツ金融再編へ - CHOSUNBIZ,Chosunbiz,secondary,https://news.google.com/rss/articles/CBMigAFBVV95cUxQNHRoSW5UVk95dUFHc1hKUmlTUVBGanVQWk00amlIbkNoRnJmSlFQWkFBOERxR2ZVcFVibWJ3bGE4dnNOSEEtcXFfby1NVUtzakh3UW5XTGV2SE9ESko2ZUwwSHRUR1NGYzZiczRuY1dxWnItOGVUQ1FjdmJWN3JnWtIBlAFBVV95cUxNNzlTYmh3T2E0dlVtcFNWampINnNwZVZiaTk4MFU2Tkk3SjdMUE4xTEhqSXpEbnRqUGppS0tXN2U5UzEwQUNwSmVSbkFuWUtCT1QwVGRtWXk2Wk93QUI1bVlENjBaelY0RUhRMU9SNVl0MDU1V24ydnBieFVhUHpiNE9SWHFhZjA2SFozdmRHQ3VLeXh5?oc=5,文化政策,
2026-06-22,学芸員が佐賀の歴史・文化を深掘り 県立博物館・美術館で6月~8月にセミナー 三種の神器やゆかりの絵師に迫る,佐賀新聞,secondary,https://news.google.com/rss/articles/CBMiVkFVX3lxTE90ZVdEbl9wdFJBcVp2N2lsMHJDM0FYcWdkczgxendvdk5VMWp2NW56VHZmTjBJaE9LNjhlcVpuMGM3T0ZuR3NTZ3ZXRE9wYUZaMTI3S0Z3?oc=5,文化 歴史 美術館,
2026-06-22,博物館登録,city.sendai.jp,secondary,https://news.google.com/rss/articles/CBMirwFBVV95cUxNVXNBZEI4WlFaMkVoSGdwdTFPSlo0cHdWaGx4VlFGZHdrS0NMc0xEWDhVUVRIRC1KQjJhNTBMcHQzR0pZaW1WRDRJNGsyV1cwWk5kdEZuVzZ6SC1zM1MtVVRuYi01Y0ROVW5jRkNybU5pQXVwOU04TUVHd3lrckx4Y1p0ZmJZNWZ5VkZWWlFSODI1bkhaYllaVU9MSHA0M3p0VmR1XzVTUTQ5bXpaM29N?oc=5,,
2026-06-21,学芸員を目指す実習生が企画「ミニ展示会」きょうまで 沖縄県立博物館,琉球新報デジタル,secondary,https://news.google.com/rss/articles/CBMiYEFVX3lxTE1pSzRtbzVoWkpXbDc0RndlaFF0RnVnVGxVRWZYaXRQaWM0YTNYbDl0MDZ6QWNSSG41SGgyS19vVkFNV2pOVGNZMExvdzB1N1NNT2Y2TFFZNlREQU5qeFJfaw?oc=5,,
2026-06-19,館林市文化財保存活用地域計画,city.tatebayashi.gunma.jp,secondary,https://news.google.com/rss/articles/CBMifkFVX3lxTE9TNi1yNVdrNXVSQnBNWEZFUldxUXlQeUlLYlVnalJfX2tOYTBGaVdfU1hjVEZPbEZXeEtoVGUwYnd6Yy1IZFZjbTRXaFZvbVhwLTRjYzJlX2diZEtPR2NFOU5zZUtQQTJRWmJUTjNPbEc1MGRvVWFDZ1ZRR0U2dw?oc=5,文化財保存活用地域計画,
2026-06-19,文化庁芸術家派遣事業『ダンス公演』,city.yao.osaka.jp,secondary,https://news.google.com/rss/articles/CBMivgFBVV95cUxORkZnSlp5RXVLS0gwQ09pd043TWgycmJFN2tvdS1OX3BrS0R5SEJmX1MzdHVPbDlCRF93WjNXSlpCS00wQVQ0ejlCQnFiZVUtNVVnZVhTNUpPekZDTWJnSFRRc2FUdldXcXYzVF9uY0VPZkFTTTVNWkowU1o5QjdUUW9YaFppZTJuU2V6NzNyY25qY1VXYnRhcFBYc0FEZlF0M1ZraXExVFZWSFE4V3BQU05YN0tYU0hYTUprNTZ3?oc=5,文化庁 事業,
2026-06-19,文化審議会の答申(史跡名勝天然記念物の指定等),文化庁 広報・報道・お知らせ,primary,https://www.bunka.go.jp/koho_hodo_oshirase/hodohappyo/94394601.html,文化審議会 文化庁 文化資源 史跡名勝天然記念物 克彦 別紙 同審議会文化財分科会 審議 指定 指定等 政策 文化財 文部科学大臣 登録 登録記念物 答申 経る 記念物課 議決,文化審議会の答申(史跡名勝天然記念物の指定等) 文化審議会(会長 日(ひ)比(び)野(の) 克(かつ)彦(ひこ))は、令和8年6月19日(金)に開催された同審議会文化財分科会の審議・議決を経て、史跡名勝天然記念物の新指定4件・追加指定等23件、登録記念物の新登録4件について、文部科学大臣に答申しました。今回答申された史跡等の指定等の詳細は、別紙のとおりです。…
2026-06-18,映像・アニメ・XRの海外展開を後押し。文化庁「クリエイター支援基金」令和8年度進捗報告会が開催,Brand New Creativity,secondary,https://news.google.com/rss/articles/CBMiWEFVX3lxTE1xNDRuT2pleTJnSXY5LWJHNUJIOFhuY0RZVnN3SzhwdUtVMDUxQnJqOGthV1JhYk5oQVRPYUw2akpkRVk5Q1hmQkdPa3U4U0I1WnBEMXk4NWU?oc=5,文化庁 クリエーター支援基金,
2026-06-18,日本遺産 歴史を紡ぐ 星降る中部高地の縄文世界 | お知らせ | ニュース,jimin.jp,secondary,https://news.google.com/rss/articles/CBMiXkFVX3lxTFBGU0Q0cS0tM3d0S0xwQTZ1QzM0Z3pRRkt5cnhrdTJERHRuY0hkUWtqOEdQZjFvRUFGVUFCTXU4bXllam1KWjktcmVhRGdvM2EzVGFSTUVoV3BiN1hUOHc?oc=5,日本遺産 歴史 紡ぐ,
2026-06-17,古墳壁画の保存活用に関する検討会(第39回)を開催します,文化庁 広報・報道・お知らせ,primary,https://www.bunka.go.jp/koho_hodo_oshirase/hodohappyo/94394301.html,文化庁 Eメール mext 保存活用 受付期間 古墳壁画 留意 登録 資料 連絡 関する,古墳壁画の保存活用に関する検討会(第39回)を開催します 標記会議を下記のとおり開催しますので、お知らせします。 (同時発表:奈良県文化教育記者クラブ、橿原記者クラブ) 令和8年6月24日(水)14時00分~16時00分 京都ブライトンホテル 地下1階 『英の間』 京都市上京区新町通中立売(御所西) (1)古墳壁画の保存活用について なお、受付期間を過ぎます…
2026-06-17,【カンヌ現地レポート】「インセンティブは文化政策の敵ではなく、その僕(しもべ)であるべき」――欧州主要プレイヤーが議論する公的支援の最適バランス,Brand New Creativity,secondary,https://news.google.com/rss/articles/CBMiWEFVX3lxTE4wTmZnaTU4b1pXVmZYT3B0NkV2dXFFblhRa25QaUJJN3U5MV9QVU93OEJaWHRFZWxuQXE0VW11UFBEbXBlcldTaTZBbWV6dV85WGFnTHBLcjI?oc=5,支援 文化政策 無い,
2026-06-16,資料を集め守る博物館の収蔵庫が全国的にひっ迫 宮城・石巻市博物館の対応,khb東日本放送,secondary,https://news.google.com/rss/articles/CBMiT0FVX3lxTFBWVTEtN3RvVXZFUDIyQ0ZLdDlaRkxtX1ZIbFQyQ3o2R0owdzBkMnRwbS02d0ZnTldhSzU4a2ZtOUZ5cTB0bDNpdVlyYzRZTzg?oc=5,博物館 収蔵庫 資料,
2026-06-16,【公開講座】「九州沖縄日本遺産フォーラム ー別府大学が拓く地域連携と人材育成ー」を開催します(7/25~7/26),別府大学,secondary,https://news.google.com/rss/articles/CBMi0gJBVV95cUxOMW54djY4X091elk1X21wd09NcFNkaDE4dnVfbmUzUElrOGl2dzJIbUcwVzhxd1FfRzROcUpDajZSS2JNRm02WUlST0JSWlp3T0FqcXNuLTF3ajdSS2NhZkxId2d0U2dIRnNsQ3o0YzBIVnJtUG4ydDM0dTMwWFRXZW96aFh5OEZ1NnRMV2YxdVBVME9CNXV3THJTVzRId3MtdEhYdV82d3E0TDBKTUhValQzQW5HUENDd3VOTmU3Y19YMTQzd3JYYXUtdFpudjBEbVFyUUdXTTFGSjRTRWpyT0IzOU96ZDRQVFhLaFgxeVZ6bDlnMk1PS2l5alAxNlhQMGh1X2hmN2wyS05ROFBFNWszRTdNbmQtMEhhT0gydHlXajFiSF9nUkJzSGRRY0RvM1NpOTJCc3BrUXZCUnEzejNCMG9sczk1MXM0aTlSbzJjUQ?oc=5,日本遺産,
2026-06-15,文化庁令和7年度文化遺産国際協力拠点交流事業によるカンボジア人専門家研修の紹介,Newscast.jp,secondary,https://news.google.com/rss/articles/CBMiT0FVX3lxTE1pd2NzaTM3QnlsdFI0ZV8yRWk2S2xZSXZsN2tuNXFkQUNmaFhsUG4tMHhlUnpNd3hTd0Q5bC02aHVOQlNaNTI2WTdXN21TdW8?oc=5,文化庁 事業 拠点,
2026-06-15,【山口県】文化庁「第一級の資料」と太鼓判 全国巡回企画展に天王森古墳出品(日刊新周南),Yahoo!ニュース,secondary,https://news.google.com/rss/articles/CBMif0FVX3lxTE1jbmJnU3cyYXJaTkZ5LXJZOXAtMzItNUxCRGdmTmxpM1lmLWx5UU5GMmlLUjBTNFZwNUt5Q0EtZGZwNjVKd3I0UjZLVlFSblRSaGpqVjU3WGJBMWNPemxIODFxWUlNUzl5STdXbUFmeGxBQ0pxRHExQnVldjB1MDQ?oc=5,文化庁 企画展 資料,
2026-06-14,【残り1日】最後のお願い:文化財防災センター長 高妻洋成からのメッセージ,クラウドファンディング - READYFOR,secondary,https://news.google.com/rss/articles/CBMibEFVX3lxTE5nT0lOU2V4X0hocVJmaHluNkR3Q3ppeGtqNC1POVhjSG9Va040OG5SREw4MS1zRDNhX0hjVkpOSTgzM3lORl9mdFlWN3FKb00xSXppcDFVSGl4eWVRZUVKQmFmcjJDMjZnSVZsWQ?oc=5,,
2026-06-13,北海道大学総合博物館の「2026年度前期土曜市民セミナー」で、田中学芸員が化石のお話をします!,札幌市,secondary,https://news.google.com/rss/articles/CBMijAFBVV95cUxNU3lFWVBRRkQ4TEMtSFJtUTQtZHhQTE90ZXdhRGo4dmV0bVdyTm52U1QyLWRJcVZWeENYcHdzY0R2dlJZOW5zOHJCMUFxLVpkTGF2SDNkREtfWnFqZ1RwRU9oZFlsMml3eEFUblhyZXNsMHB5c094R08wMXlFQThjdUV1TWZrMFE3VWYyOA?oc=5,,
2026-06-12,練馬区立美術館について:練馬区公式ホームページ,city.nerima.tokyo.jp,secondary,https://news.google.com/rss/articles/CBMiigFBVV95cUxNMzY4OWVqMldyZEtLTzFyQUZ6eXBid3l0VXA4U051X25PZWZaYXUyTWpPdHBEVWlCamtEWmtqZ0JnUEpxeXBhc3I1amt5Rm01bUdDejVBU01ua01KYkJWV1VxMlRRek5wcHNSOXkyd1hmcWpGSDk3YWRld3hDRG1EQk9BamhZeHdHTVE?oc=5,美術館,
2026-06-12,【お知らせ】令和7年度東京文化戦略2030進捗調査の結果,アーツカウンシル東京,secondary,https://news.google.com/rss/articles/CBMiV0FVX3lxTFBQV0NCSUw4NDYzb19kWHR6RVB0RFVWQ2wtdlpOTEhNc0FVTmdhVV9GZ0ZNR2RvRnluQmI5NmZTcmpTWV9sYnVMcUliMnk2OGpWdk1rNFQ0MA?oc=5,,
2026-06-11,【歴史博物館】夏季テーマ展示「初公開 布 新収蔵品」を7月11日から開催します,pref.niigata.lg.jp,secondary,https://news.google.com/rss/articles/CBMiYkFVX3lxTFBpM1lqei0zcVNFX0dQbzJmWFhWSG1TT2txeWpnZTlpaDQ0RnRGVXhXdHhpX0RFaUJpeDZ1QWpXUHQ5Q1VTNVBIV3ZnejVxMGJJU0pIbDRoQS1WZjNNQ3Z3Qm13?oc=5,博物館 収蔵品 歴史,
2026-06-10,日本遺産 歴史を紡ぐ中世日本の面影が残る益田を歩く~日本海交易の記憶と独自の文化遺産~ | お知らせ | ニュース,jimin.jp,secondary,https://news.google.com/rss/articles/CBMiXkFVX3lxTE1BRkFuTXVwN1pZX3dMLXN5bTN0OGdLTnBDcENESEdKUU5WbVRmMm1CM1ZNRFhxUlJpV3BkcUJRUGNxLWNrc3VjQVdNYUhtaFJZeWhzWlBSWU1yTFZOMmc?oc=5,日本遺産 日本 歴史 紡ぐ,
2026-06-09,文化庁、書店活性化など特色ある取組募集...最大400万円で委託,リセマム,secondary,https://news.google.com/rss/articles/CBMiZkFVX3lxTE4wVERlVzhSS2Fpcm5kcmJUWXRDMzBSb2trRVVUNGNPejBDVHZGR042Skh1aUFSY3BwOUlpbU9McnJrb1R2VVBMRy1yZl9vT1cwWW1fd2hsSEVjYklPZGFPem4yY2o2UQ?oc=5,文化庁,
2026-06-09,今年の夏は横浜で現代音楽がアツい!横浜みなとみらいホールと神奈川県立音楽堂で、若手音楽家による公演を開催。,PR TIMES,secondary,https://news.google.com/rss/articles/CBMiakFVX3lxTE5sSDFaRzVsc1ZLNjIzRUI4ZlV4NWRkR25sbHlCOG9tZ1RhU3B2LVRMcW5zeHd6dTJzMlRGT0h1eVRsdXYzRXV1Q3ppZnNHZzV0blhpNzlrVUZ3ZjU4Q3RLMkJzSU55TUZYUVE?oc=5,未来,
2026-06-08,収蔵品管理:博物館など資料管理 「基本的考え方」検討 文化庁,毎日新聞,secondary,https://news.google.com/rss/articles/CBMiaEFVX3lxTE5tLVpFNTlJUjV3UGxqWmlrRGhMYzc4a0dxamR6TC1MWGRGMzJveFl0anEzZVNfZEJJSHhCaWJtSktEU0tfV2xKQWdvUXJwdnZFTmxfWmU3aE5kaWF5RURIaVNuM2I0X1R6?oc=5,文化庁 博物館 収蔵品 資料,
2026-06-06,文化庁時代から待った奈文研所長の思いは 「飛鳥・藤原」世界遺産へ [奈良県],朝日新聞,secondary,https://news.google.com/rss/articles/CBMiZ0FVX3lxTFA3NTZyVVYyVGZ1M0NPWjFVaDAzODBRSTM3enQwWDRqejJHY195T0g1UFQ4STRvcS1ENXZEMzBwRlU2bmduZUYzWHNaOF9iTUpwUWlSSFdVOTE2TF92b0hDM2hSTFg4NFE?oc=5,文化庁 世界文化遺産 藤原 飛鳥,
2026-06-05,世界へ挑むクリエイターを支援!クリエイター支援基金の進捗報告会を開催し、白熱した意見交換を行いました,mext.go.jp,secondary,https://news.google.com/rss/articles/CBMidEFVX3lxTFBpTGNsVTd5VERTZGFoVldycTN0UWdWa1BBZEI1ZFZlS2xrQ2phTjN0eGdnZE5xdHpDQ1NBdlpkT3FaX19Vd3hHVndDSDlMU1p0RTY1Z2YtOTB6VEpVZHRNdGhwNnV3THJUWjRyWUNabHAtQm90?oc=5,クリエーター支援基金 支援,
2026-06-04,動かない文化庁、拒めない法務局、見つけられない国税。縦割り行政が生み出した宗教法人売買【元マルサの税理士が解説】,Yahoo!ニュース,secondary,https://news.google.com/rss/articles/CBMif0FVX3lxTFBad1dWTWNZZDhFc0FONm9jbTlNWjM1UkJDNzF5N1E3TDBDVXFiVDBuS3VtUHRfLXRBM3NUV29vd01TX0o2N0pPckt6cE1ocFI2MXNqWGJHM2RkY2xYTlQ3Sm1qWkpTa2dyLWRNaHFCRjV1MWR0TWpqdGNQZW5hbGM?oc=5,文化庁 売買 宗教法人,
2026-06-02,文化施設が“ホラー脱出ゲーム”に!こゆ財団、指定管理スタートを機に新富町文化会館を「稼ぐ劇場」へ再生する体験型プログラムを始動,PR TIMES,secondary,https://news.google.com/rss/articles/CBMiakFVX3lxTE1DbkhIZG8xMHVwaURtTFppRTk4dTdSOFE3WW1xNGxlODRjRllCSVBCQzE2Z1o3RkhGTm1tQWpQUkpJanZSMWFCUUdSWmhydUh3a3hIZlRDa1c2RnVaREdSZ25YTGR3N3YzY0E?oc=5,劇場 指定管理 稼ぐ,
2026-06-02,博物館の登録・指定について,pref.niigata.lg.jp,secondary,https://news.google.com/rss/articles/CBMiekFVX3lxTE9Lc1B2NlAzUzdDNGoxSnl5R1FCTG5NTF9qbW1oa05YNXlidk5md3VYdkgwbERCTVRRXzY4dEl6ZTZwUjlzUm1DV1ZLYnJvNzM3TTJ4ZW43U3ZKTHpXTzRoOEhqb0lsWmVNd01sbGg5aXNOWFEwVXprRVFn?oc=5,博物館 指定 登録,
2026-05-30,中2 明大博物館学芸員講演会,meiji.ac.jp,secondary,https://news.google.com/rss/articles/CBMie0FVX3lxTFBqUHZ6WTltSHV3a1B5VFFpWEcza0tJelpjS2Q5ZUlGVEdxcUpmRVZMb1AyeUVyTFU1TjhPUkZYN1lwTG1lUVJGSFNWeFdDTjFkbTBnaTlGNUg3Qko5R1psR0E4RnRpa2VQTXlKdGJXdVhzdzdxTTRUT1RvOA?oc=5,,
2026-05-29,「文化を殺すな」批判に「稼げ」の真意語る 都倉俊一・前文化庁長官,朝日新聞,secondary,https://news.google.com/rss/articles/CBMiZ0FVX3lxTFAxRmFNMXNoa3Frc1hMVm1QYjVhazBobWw3ald4dUZ5U082U24tazVfVGdwVENfb2ZwaG5XTmhYYlc4ei0yazNMZVE4eXRLX2E2dGRiSkQ4djBBNTdVZ00yNG1ZNVJaTTA?oc=5,文化庁 文化 稼ぐ 長官,
2026-05-28,重要文化財「旧瓜生家住宅」の保存修理工事について,city.sabae.fukui.jp,secondary,https://news.google.com/rss/articles/CBMilgFBVV95cUxOeHdzRHIyY1RyQWdHX25tYlo1MXZDMFFudHRxVFdleFNldTFqbi03Rzd6bnJmV3dBTEdUSk1XMkVBV01DSGlVd2wyNl9PMGxaM1ZncmI1WHEtSVhMRlZERUxKOUIxeXd4d3ljUUY4MzRXMnNMdzVHbXpjQlVEZTN3cXNlbUgxLXlPeGpIR3JNeHBKUlppUEE?oc=5,,
2026-05-28,天井まで積まれた収蔵庫に「絶望」 稼ぐどころじゃない博物館の苦悩,朝日新聞,secondary,https://news.google.com/rss/articles/CBMiZ0FVX3lxTFBhcThWTGRsQTZkQnZRdzdWS25weE5kTzNPZHdQVDdCMV9xYWZmZkZJbWFYM1RCemhEYkFfY1hTRFE2c3JZVzhLOExsT0VMSEZKSjFSd1FHU05LZGhWUF9fbWw1SnFwWlU?oc=5,博物館 収蔵庫 無い 稼ぐ,
2026-05-28,【総合文化政策学部】「SSFF & ASIA 2026」~映像翻訳ラボの字幕担当作品『夜明けの闇で』が上映~,aoyama.ac.jp,secondary,https://news.google.com/rss/articles/CBMiaEFVX3lxTE1TQ2M5TkpoR2RIcW41SjZWUXlTNmFZemNMektKSmJ6azU2Q0xhMjFLeWJHd3l3Um9BYmt4dEM1VGdnWXowTGpDQko0dUViYlNmWjVuazRFcXJzMUVpWTFGbjI1Y3ZlOU1q?oc=5,,
2026-05-27,座・高円寺の大川智史新館長とシライケイタ芸術監督が月例トーク。本年度のラインアップ、6月5日開幕の主催公演、指定管理者交代で劇場はどう変わる?,TOKYO HEADLINE,secondary,https://news.google.com/rss/articles/CBMiTkFVX3lxTFBJbWw0UGZ0ZG0xTldfN0ZrdmNNeERidTJ6TXdIX2Jydk9rQnpOM3c4X1JSS21xdU9mTS05N1lsbjhEUU0zd0VSakRPWVpJQQ?oc=5,指定管理者制度 劇場,
2026-05-26,文化庁の「食文化ストーリー」創出・発信事業 群馬・嬬恋村の「嬬恋くろこ」を採択 ジャガイモを使った伝統食,上毛新聞電子版,secondary,https://news.google.com/rss/articles/CBMiWEFVX3lxTE03NU5mRWxDUXh4Wm1RLXJYYTR5Vk1sWXBmd1N1Yy1rbVdPVnFmMFFkcG50MHhPaVI5M3k0SjVCVWVZdUlvZHlNcTh0b2VXTzZKZFFuLVFHN0I?oc=5,文化庁 事業 発信,
2026-05-26,彦根城の世界遺産国内推薦、今回こそ 文化庁へ新たな推薦書案出す [滋賀県],朝日新聞,secondary,https://news.google.com/rss/articles/CBMiZ0FVX3lxTE4xSnNRUVM2cmw0eW5ob1VKMWJtZElEbVJlc1ZZU1ZHSlM2ejhlLXc1blhKTVZzQzRmdVJ1UU55Sk1BNGFJSUV6a21nZjh5OUkzbEpaQVY2bmZVVXRkVnVUTndKazFvRG8?oc=5,文化庁 世界文化遺産,
2026-05-26,【応募受付中】スポーツ文化ツーリズムアワード2026,PR TIMES,secondary,https://news.google.com/rss/articles/CBMiakFVX3lxTE5iamRlNFkzZDlaLVI0Y0VqYkc3NWR6X1pLNWN3bW5ES0FFT0taMjI0Znd1STZTOUhEMkdLYkVFa2VERjQ2RElBNDZSZm85QmdpaWhHLXdnRG1PTHBVZHkwVXpOY0pLY3FHdXc?oc=5,文化,
2026-05-25,芸術選奨文科大臣賞受賞 小田井真美さんがトーク 「札幌の文化政策 関係者一体で」,北海道新聞デジタル,secondary,https://news.google.com/rss/articles/CBMiWkFVX3lxTE9SN3ByaHY4NEp5aGRBMzB3SWg1REJ0N1NOTjJQei1yVXcwcFBuSzRIdzB1cklhNmxzYkozYXVNUDh3UFhSZ1pZSlg4NDlVODd0cXh0a2o1SEp4dw?oc=5,受賞 文化政策,
2026-05-25,博物館にかかる「稼げ」の圧力 九博初代館長が憂う文化崩壊の危機,朝日新聞,secondary,https://news.google.com/rss/articles/CBMiZ0FVX3lxTE83TVVIWVAxSmkwUTMzWlJqcnZReDYwU3BsUVdldzlrTm0yeDY4SnlfcTVIcU9TWlg2eFQ1M19NQjk4aHlBR0YwTnNRLVp2dmRLcXpwVEZYaUM0Q19GMjN4NEh5aVRISXc?oc=5,博物館 文化 稼ぐ,
2026-05-23,令和7年度文化財研修講座を開催しました,pref.kagoshima.jp,secondary,https://news.google.com/rss/articles/CBMickFVX3lxTFBDSEwxcGRZWG85bGVXS0NWZlE3RnJzR0o5eHBOQWFqMUhOSHotUW0zQk9RUHJZSzlFVDR3VlJxV0lvQnRzLU1NaHNJSVR6amVvQnV6TVM3Z0FYaDBUTGhXVUdqSmEtR2JjRUttcnZWaDNQdw?oc=5,文化財,
2026-05-22,海外事例から考える、文化政策における社会的価値のあり方,PwC,secondary,https://news.google.com/rss/articles/CBMikAFBVV95cUxNZldvRTJsSWszc2VUX1hKVmpJTlhqR29iNEJwbkduMHVER0dqSEduX0tJX3VLZEtUN1pEcXJ5RHd6UmdrVFRzRWxrTGFsd3RxaXBoR1lDOFJUNVpyU1kzTV9vemk0Z0lUVEgwekJOYWV3RUNGQUFqTTdZdXdVbm5lc25tNG04SVhxVXpDV1lJZlQ?oc=5,事例 文化政策,
2026-05-21,(博物館・美術館は今:下)施設や収蔵品、身の丈にあった形に 増えた館数、人口減で膨らむ税負担,朝日新聞,secondary,https://news.google.com/rss/articles/CBMiXEFVX3lxTE14b2JjNmVvclg2dlpRd0tEUmg3WlZhME1hRTk5UUpsUWhUbjVtT1NXWC1hZWNzOWcydEFfTk51MEp5cTRKb2huNk9PWEcyZ0txN1ZEY1BNYWVETW1R?oc=5,博物館 収蔵品 施設 美術館,
2026-05-20,特別展「福岡市博物館収蔵 幽霊・妖怪画コレクション」,PR TIMES,secondary,https://news.google.com/rss/articles/CBMiakFVX3lxTE5nd2xURjh5UFRwRkI0a0NBWWcwNTlUZUhJWmtiZmhWNktZLWVHSnlEMG1SVXZTVWpDcjBjZ2NKMWtpaFJYcUpUaWVESnlyY1VtbHBiM2VyTlVSZThKc1JmT1pXWmZwR2JSR3c?oc=5,妖怪画コレクション 幽霊 特別展 福岡市博物館収蔵,
2026-05-20,<みえ人模様> 海の博物館学芸員・縣拓也さん,中日新聞Web,secondary,https://news.google.com/rss/articles/CBMiVEFVX3lxTE1HZlFyVF9BTGR3VXBGQjEzWElseVJDSDlVQkhETEN2ZjJPNDlONWRVN3FjTnN3WVdGZkhFR2JqQ2pFWFFFVEZ6Zk5CZ0pHeDFvZXVqNQ?oc=5,,
2026-05-19,廃棄や受け入れストップも...文化財“消失”の危機,NHKニュース,secondary,https://news.google.com/rss/articles/CBMiX0FVX3lxTE9JR2NCLTZtQ1NsUUZZYVFPYzUwVTNNNVVScGFlWHBRdXdqeWlmSnJEUXZBWHlZcElma1BRUU5GVXJqbVZRNUZPejRTbTZaZjhFeDlGOTZhbG80OEpybmxV?oc=5,廃棄 文化財,
2026-05-16,「県全体で関心度高めたい」 有識者組織「ラウンドテーブル高知」が文化芸術振興ビジョンで高知県に提言書,kochinews.co.jp,secondary,https://news.google.com/rss/articles/CBMiX0FVX3lxTE5rOF9aUnk4azJSLUh2RjBtZnZ1a3FPV0dCTVhuZHJRNzRmREpMclA5ck9ZeDJRSUFrUzk1dURoa3FqakktcE0zQ3YtSzhHNjRxZGtyOVV4MmRVN2NSdlh3?oc=5,高知県,
2026-05-15,高知の文化芸術は「県民と一緒につくって」“施設運営の公募化”受け発足した民間団体が提言(高知さんさんテレビ),Yahoo!ニュース,secondary,https://news.google.com/rss/articles/CBMif0FVX3lxTFBWMXF3MzdUVEdRR2owZkRnMWg2ZE5SekttU2hpSVNmcEtRbDhRN3RJeHdfMFJjSm1vaVE1V0dsTTZpRGZISFZQUnAxeGFjZ0xPSmZ2R1lpaHJZUkZsZmo0emF1Q2tYcl9BUS12OHNZZFNHemlHMUFySWx4ZVRUQzA?oc=5,施設 運営,
2026-05-15,高知の「文化政策の将来」をより明確に...学芸員らが「高知県文化芸術振興ビジョン」への提言書提出,TBS NEWS DIG,secondary,https://news.google.com/rss/articles/CBMiV0FVX3lxTE9CcmtLZDNBaXViU2FqVnczRTI0aHRjWjVlU2FseTNHZ2xRWGNBQloxZzVOM1lJcndRWG1BZEUzS2s4ZWxrQVJmTXE4SDJJWGlld1E3X2Izaw?oc=5,提出 文化政策 高知県,
2026-05-15,祭りを文化資源として活かす調査・政策支援事例集 ─経産省・文化庁事業から見る地域文化支援,株式会社オマツリジャパン,secondary,https://news.google.com/rss/articles/CBMihwFBVV95cUxPdUQ4UHZvRWFCSzYtYko0SGhGamxPUnR6U0Z2bUZ0OHpLQ2E4azRSbTljQ0tfU2g1YVA1NzJ0eDFVT1Bmb2NvYkNuTjZaa1M3Qmdaa0N6dGVXUGs0UWxhMFhFQThrMERmZTRfd2lWcE5GR2JleF9tWHNiQlB5OGwwVWJkNS1EQTQ?oc=5,文化庁 文化資源 事業 地域 支援 政策 文化,
2026-05-15,【文化庁・子供舞台芸術鑑賞体験支援事業】『ピーター・パン』3歳~18歳以下のお子様 A席 無料ご招待!/5月25日放送・NHK「はやウタ」にて内海啓貴が劇中曲を歌唱!,PR TIMES,secondary,https://news.google.com/rss/articles/CBMiakFVX3lxTE5fX2JWYUlvLTAzamU1bUJGb2l3by03Y0dXTFBaVGxxdkpYbHRyb1NKNG93ZGRMYU4yOTdGZDUtMHlLcGdxNWVGck1Ob0xWUmtWYy1faTBGeHJaOWIwc3VzT0xEcldwNkhEYXc?oc=5,文化庁,
2026-05-15,【予定枚数終了】3歳~18歳以下のお子様 A席 無料ご招待!『ピーター・パン』【文化庁・子供舞台芸術鑑賞体験支援事業】 - horipro-stage.jp,horipro-stage.jp,secondary,https://news.google.com/rss/articles/CBMiaEFVX3lxTFBhTHFEWEFxQnB4MUJrRW1LRXVGVVBfc05RTmgwTXEybXktVFVwTlRVaS0wX1h1blJBNHFVR1pSd1FxUlhFd2o3M0M2dFpWd2J3V2lSaldPNURtZUVxOUtCMm9XYjhtb2dk?oc=5,文化庁,
2026-05-14,東海村文化財保存活用地域計画策定支援業務受託者選定に係る公募型プロポーザル方式による事業者の募集について(終了しました),vill.tokai.ibaraki.jp,secondary,https://news.google.com/rss/articles/CBMiwgFBVV95cUxOV05Pc0FDTGNLX2hwaEZaeGQ3bXZ0WDBEeUppZG1sZjkyblhwcE40VXczeFBMVHJ4NVRTRXFRcVlwM3hhT2JvM1pFaDA4bENPYTVkNXppRms0OTRzRkw3SEZsWi1yWHAtcjRIemZmcjlQQ0tSWktzRzg0NE56RC1GRWJ2Y0cwZGt1UnhZQk9EelJnZFBJX3JwLU0wZXdzV00wY2tUbjh2RndkbFN3bGE2aDVjS0EyUFZxbC05c1ZYWWp4UQ?oc=5,文化財保存活用地域計画 公募型プロポーザル 選定,
2026-05-14,アーティストの横浜での滞在・発表を支援する助成プログラム 採択者決定!,PR TIMES,secondary,https://news.google.com/rss/articles/CBMiakFVX3lxTE4yaEdJYUFHQWp6d0JJNDRQN1E2WEdBVlNTX245WldzOVV2aGlmeGpfaVdHSUx3RlcxT2JPRjV0andyX1Z2djgxZHNpNGgyYVViVjQzdlBZcGlkb1hvODR4aHgwT3N5Y2U3TWc?oc=5,支援 決定,
2026-05-13,文化庁の京都移転とは(朝日キーワード2027),朝日新聞,secondary,https://news.google.com/rss/articles/CBMiZ0FVX3lxTE4tRHRnaGJlem4tb3pzMlEyMUZlYkdZR3ZFVXJ6S1hnY1hOeURrdXJuSnROb0s4WFF6WnJMd1lfUWtzcUUzbmxMZG51ZmVqUnZtVkRiSE5WTjhkOTZRSnlJWnQybGdzdlU?oc=5,,
2026-05-12,高知県は体系的な文化政策の確立を 有識者が提言まとめる 「ラウンドテーブル高知」が体制充実や組織強化要望,kochinews.co.jp,secondary,https://news.google.com/rss/articles/CBMiX0FVX3lxTE9xbkhNSlVaOVBaRnEwNHVac3VaZjFLcC1aeUxfS0htTzNGdkQtZEQ4d1JldlN6M0VQN3JhMkpGQzNtX2FYZDRSaG00N2o4ZG9uUk15N0MtbXgzY2NqeHdV?oc=5,文化政策 高知県,
2026-05-11,【(一財)沖縄美ら島財団】文化庁の補助事業「食文化ストーリー」創出・発信モデル事業「琉球・沖縄の伝統的な食文化」について文化財としての価値を明らかにする調査報告,PR TIMES,secondary,https://news.google.com/rss/articles/CBMiakFVX3lxTFBVMEtMQ2RHb3ZRbFVHaElSdkVsOXlrTnZjeS1qY243UkRVSkpsRm1fREhxZkpya3VjVGVhMUh4d0N1VVpwSHZqaFZEQWZWRFlnNV93MTlpRVNTcmd1VlRLNVQ2UFVtOGRFN3c?oc=5,文化庁 事業 文化財 発信,
2026-05-09,文化庁 ちばてつやさんの原画を保管 制作資料活用の拠点整備へ,NHKニュース,secondary,https://news.google.com/rss/articles/CBMiX0FVX3lxTE8tbV82RFluTW16amN3bWkyazc0cmtxdXhFRHZENFdMWHN2Yk1CSFVORUs2MElYYjl6SXlBdFFnSUg3NkZDQ2hTSU5NV19FU1VPVkx0S05KREtHNVBXcnRB?oc=5,文化庁 拠点 活用 資料,
2026-05-07,文化庁の「京都移転」から3年、「生活文化」支援が充実...4月就任の伊藤学司・文化庁長官インタビュー「漫画のプラットフォームは日本主導で」,読売新聞,secondary,https://news.google.com/rss/articles/CBMickFVX3lxTE52YVVyNjFjMzJJYkViY3NfQ2dzRnRaY0pDLXhoSzJUUU4zVTB1Z09IZmRCMnktMENEMy10WTdGcEFTa2lQb0lid013SHpKM3RqNFdMTUN3akZYLVRiR1AtLXZJaWw4aHdyWXlTaXlWZVVDdw?oc=5,文化庁 支援 日本 長官,
2026-05-05,文科省、博物館資料「廃棄」検討明記 神奈川の学芸員にじむ葛藤,カナロコ,secondary,https://news.google.com/rss/articles/CBMiZ0FVX3lxTE1lT1lwREtzV0RQVjAzN1J3UW5KRVdCbmpEZGk3MGpaNTVacW1HeGtwX0swYVZsVXVlc2ZwdVBhN0NBZFhuVG1WcjU3OGFjNmw1VmFBM0kzVXRlZEU2RW9Yc1pWS08tVDQ?oc=5,文部科学省 廃棄 明記,
2026-05-04,博物館資料の適切な管理考える研究会設立 収蔵庫“満杯”で,NHKニュース,secondary,https://news.google.com/rss/articles/CBMiX0FVX3lxTE9WaWVSZjRyYXdzdmdUbDY2d2xkSU4xS05ZdFB2QzlZNjE2T0RzQmNab1ViMjJTNU9tYWZlMHVxbUdQLU03RHdHbDVBTmpwYnFnNmJnajBRcjVYYWRNaGhR?oc=5,収蔵庫,
2026-05-01,【総合文化政策学部】<デジタルストーリーテリングラボ>学生主体のMetaVoyage Live Projectが、MEDAさん、朝ノ瑠璃さん、NiBOSHIさんを迎えた「3Dライブ」を開催 ~2025年度も3Dライブ制作を継続・発展~,aoyama.ac.jp,secondary,https://news.google.com/rss/articles/CBMiaEFVX3lxTE55RUZlUVlKMEFHM3FfN0pSRUJoR2g5Tll5ZTNoVDBFUU5pMWZ6ckh6NjFueVJwOExzZi16WVpuTFhIaFJoOElIZ2FlUlNxUEJEU0xQT1daNFlOMDhfMk5uUGVNMTREY3JL?oc=5,,
2026-04-28,文化庁 宗教法人の売買めぐり初の対策会議 ガイドライン策定へ,NHKニュース,secondary,https://news.google.com/rss/articles/CBMiX0FVX3lxTFBocjZ6MGI0cENyMEpnM2wxV2h5SW5pUGtlNkp0dHJDWXp4eWlsb0Y1WDYxRnZHekNDMXItbk5zUEVpLUVwVy1oSFBjS0tSY003QnR5MlRTSTdib3dWSnJB?oc=5,文化庁 売買 宗教法人 巡る,
2026-04-28,ともにアートプロジェクト 表現活動調査,city.niigata.lg.jp,secondary,https://news.google.com/rss/articles/CBMigAFBVV95cUxNZDlfZmliVzJGV09sc2czQmV6aGl4bjQwX1didG1NNE9kQktvSlpQUW1rVk1obkdUbkxMODBlSUp1aTVPTm83aHBxRlh3X3I4WUF1ejFmc0ZEZExJdmg4MUZPUm4yV2FnUzBYbFFNb3liUE1FZUpzQUlQMkRjbHU4Zg?oc=5,,
2026-04-28,【文化庁文化政策調査分析官・林保太氏】「発見される日本」はもう卒業だ。街の記憶をアセットに変え、日本を再言語化する「50年スパンの文化駆動OS」 (1/5),ASCII.jp,secondary,https://news.google.com/rss/articles/CBMiVEFVX3lxTE93cllsdkxlSGx4SXZYM05mZXpqeWdWNU15bFVjbzZIZkVIYXBKQnBSNVc1ekVOWW5KaUZlR0ltQXhPVzJNV3NKTjVxaENzZnN0NWF4UA?oc=5,文化庁 文化 文化政策 日本,
2026-04-27,文化庁に文化芸術推進基本計画(第3期)の策定に係る要望を提出,全日本ろうあ連盟,secondary,https://news.google.com/rss/articles/CBMiU0FVX3lxTFBwV1o4ajE0UWlzRVozYmM1bGJ3cG9OVlFwc0M5REQxcjZ0M1l5LWpjdGFuY0l6ekEzSk1VcVhua1RSUDljWjN3aFh0NEo3RjVZbFpr?oc=5,文化庁 提出 策定,
2026-04-27,宗教法人格を悪用した「脱税・マネロン」防止へ 文化庁が不正利用対策に向けた検討会議の初会合,TBS NEWS DIG,secondary,https://news.google.com/rss/articles/CBMiV0FVX3lxTE05Y0lLWlloN1lxSTBnT3V2dEc2R1ZXUDc1LUc2VndhTXhKLXNnaGZUaDBHVXpmcnY3cEFFbndoSlVmOUtMcTZyMi1mY2FkRFZlUjgwSU5IYw?oc=5,文化庁 向ける,
2026-04-27,【AGU LiFE】<校友・卒業生>「アートを社会実装し、渋谷で課題解決に多角的に挑む」公開【総合文化政策学部】,aoyama.ac.jp,secondary,https://news.google.com/rss/articles/CBMiZEFVX3lxTFAtcmZNeHVTendraEU1X2ZySmoyRUMzLU9sZlpWT2t6OXFtMW1WQldxb28zYzF5MENJbjZyTFBaN3NyNFRtcE80ZHY3MUU3RzhJNHNJc0kzWDlyVmN4WDQ1WVVER1A?oc=5,,
2026-04-24,新収蔵230点を公開 ─ 江戸東京博物館で「市民からのおくりもの」展,アイエム[インターネットミュージアム],secondary,https://news.google.com/rss/articles/CBMiTEFVX3lxTE5kSGh5VEpUZExCTEYxRHZFc2xrejAtQXlfMTlvcjdnNzhyWFczVGpPM1hERmZhdUJSN0FUVlhOX200ekQ3bTRveXU5YmQ?oc=5,,
2026-04-23,【利用施設向け】文化芸術団体等と障がい者施設等の交流支援制度について,city.niigata.lg.jp,secondary,https://news.google.com/rss/articles/CBMihAFBVV95cUxOWXJHSUhsNm5DOW5jQkR3QlI5WjVhdWN0eXFoN3NTT0ZhR0NILWJDSmQ2ckVzOHJoblM3cG54bjlnSGx6eXpvcXJMZ2twNW5rYmpqTW9rN2ZGS2VUTHdMTjZqMFRuWWdURXBuejFvNDVmQ0lFVFRRVG4xZDNNNG5PQ004Vkw?oc=5,施設,
2026-04-22,日本茶を世界へ!経産省×農水省の食文化政策「日本のおいしい」を届ける、食の未来を考える新しい作戦会議,Yahoo!ニュース,secondary,https://news.google.com/rss/articles/CBMiiAFBVV95cUxOQmNRUnA3a1I5YnI4bmNjREdPNlhWRTE0LVlBM29xdHVBeHBRbWJmcXBOdThwajNRdDVNemlxVEJPckJ1RHlxM3JoSVBBdm10NjUzU2wzaW5qTWNLdEVsX1Fqc05mNVZETGlOTzlXR21MNS1lMWNHSmxoNmRqaHZwcEZscTctN3Yt?oc=5,政策 日本 未来,
2026-04-21,令和8年度「日本博」事業のご案内 | 文化庁のプレスリリース,PR TIMES,secondary,https://news.google.com/rss/articles/CBMiakFVX3lxTFBrREF3ZVZqX1ZwZEhhSHVPTnluSjVTa2NZb1ZrYkZORGFEc2R0T2pzRTdfMTZxVUEwVG5MWF9vQ2ZVMzl4RHo1Q2Q2TmthdFVpSmh4NDJpU0xPOEV5MFpYc2hvd2pIdTl3ZVE?oc=5,文化庁 事業 案内,
2026-04-20,文化庁の教材「文化財を防災教育に活かすための視点―災害の記憶を伝える文化財―」の作成に協力しました - dpri.kyoto-u.ac.jp,dpri.kyoto-u.ac.jp,secondary,https://news.google.com/rss/articles/CBMiVEFVX3lxTE1FeWpwMlNNbGZ5eS1HajQ4RHFUT2I5aHR2eDdYSlM2c2dkTXJGQzRRa3BndjJhWElyTk93VnYzY3RJMzUxeGQ0SUVwSDlyTWROcGRyMg?oc=5,文化庁 文化財,
2026-04-20,国立博物館に稼ぐ「ノルマ」 未達なら再編も 現場は戦々恐々,毎日新聞,secondary,https://news.google.com/rss/articles/CBMiaEFVX3lxTE43Uy1LdUVCVDlfVnNCWko4eXhlUS1IQ191Wm92SEtfaHJaUXlzcGdtbnFnLTdEREVHOG8xRDlweFlqNFdrWkQ2WjJkUGxXN0FvTzg4X0VVOWRnREpIWWt6ZEhzZ0ZEZ3Z6?oc=5,国立博物館 稼ぐ,
2026-04-14,収蔵資料展 個性光る、 足立のいっぴんたち,city.adachi.tokyo.jp,secondary,https://news.google.com/rss/articles/CBMigAFBVV95cUxQVVNJQ1A3bDRsT2RHV3VZYjhDdFFrWlNtd2J5eTFiZms0WkQzT2NKQWJnM3dQbUlUZHFJVnp5Ym5FdlZhV0VnMzBTN1pxeGlpQjZQS0lNUE5zdkpVYWJoWHlRM1E1cjdSX2NvY1drcGVoczh5VkNhc1hRYWNyOEx2TA?oc=5,,
2026-04-14,元文化庁長官が警鐘鳴らす「論理の飛躍」「地方への影響」。国立博物館・美術館に課せられた「収入ノルマ」の問題点とは,Tokyo Art Beat,secondary,https://news.google.com/rss/articles/CBMipAFBVV95cUxNVDlySXdCUUVSZ1d4THlJdVFWTEdHVVZKSGJlUTh4eUFfWXhURllqRFFHaG52QlpWX0dDWXRqdldPbXFrYW1lNFJnRWkya09UczhSZzQ3LWE4b2lHXzFXaDluV3RSa1p0Q2lIUEs2Z0dkOHYtdlZxZm0zVWJXaWFrUHlqZTVELVVzVm1lZkI2WmFMR0xyMkVkVUtGbXZuajc2ZkRaVg?oc=5,文化庁 国立博物館 美術館 長官,
2026-04-13,都立動物園・水族園4園が登録博物館になりました | 上野動物園 - tokyo-zoo.net,tokyo-zoo.net,secondary,https://news.google.com/rss/articles/CBMiYkFVX3lxTE1qaUZad0ozQ29teHBwR0tqRDRrVk9vSUF1cGVFem9TdGU2ZURfamxDUFR6cDhDOUJ5RGhEaFpwc0xma3pjZk5pZktXazBkcmxDa0ZPamVvZlhtY0hjeEZMU1Nn?oc=5,博物館登録制度,
2026-04-09,日田市の文化財の保存・活用について,city.hita.oita.jp,secondary,https://news.google.com/rss/articles/CBMiYEFVX3lxTFBuZmRVWVowU2ZrRWplYXdsUWQ5SjZVbUtBdFpMUll6c1FjcG4wS1VWTWNEYXBLWlBOWjFIVE9UOWJWNC1oT2ZWUnhlSGRGeFpIckptSmNwaFRRcGhiLUlTNg?oc=5,保存 文化財 活用,
2026-04-07,高岡市美術館所蔵「洛中洛外図屛風」を修復 朝日新聞文化財団が助成 [富山県],朝日新聞,secondary,https://news.google.com/rss/articles/CBMiZ0FVX3lxTFB6RzBqa2kzUnA4ZFp5bmVwZXJVNlZqa1lXaVFIa0owWTkzZGlUaHVrdjRNZUVpZEZxdGdva0pXRVEtblNqRFpmMk5NVTREVVBkWkhWUGtvd2U5Z1laRV9RUENUR2piOEE?oc=5,美術館,
2026-04-07,展覧会「あふれる思い ふれる気持ち 2025」,city.niigata.lg.jp,secondary,https://news.google.com/rss/articles/CBMikgFBVV95cUxOVEJ0c2tqSks0LVRiaUt0WUI1U1FmM3RkMnViWnN5RUZDTmlidzZIUkQ5YXBBejBLODZJWUdCX0VHazIyeHZNbllJd3h4bVo2SVprREhHTzEwcGZfVkQ0U0ptbnZNTGotX2lNODVtR3JEY0JiUzJXMnpXb3FtRjhFX1prTVNmQWxIZWFKbEVkNDVKQQ?oc=5,,
2026-04-06,杵築市文化財保存活用地域計画に関するアンケート,city.kitsuki.lg.jp,secondary,https://news.google.com/rss/articles/CBMigAFBVV95cUxNSXBjR1hQa0JxcDdubzJWTTN0ODNWY05LUnJvbU00TlRDaW9CWG92M2NRRVJ2Z0N0eTIwWGpwd2hkaFJvTnc0UzZJQ2FHaEpYTU5oV0pKLWFvb2NDazlzRDhleWhaQUMydFl3YnA1V1dlZHNsMHRFblFmaWxDRlVUbw?oc=5,文化財保存活用地域計画 アンケート 関する,
2026-04-03,田部光子展「希望を捨てるわけにはいかない」,ntj.jac.go.jp,secondary,https://news.google.com/rss/articles/CBMidEFVX3lxTE5LaXFaNWxIb3h4ME8zeVZmMjVWdGZKMUpkc2RVN2tneUZlSEJOazRDZVRzMmh5alBmM0NPR1d3NXYxNmVxUWl6TTZySGtSRWhPY042QzgtTGs1S2VZdzB2UzNNQVpSanhvZG1UR0djb0pOeEpP?oc=5,,
2026-04-03,杉並区の公共劇場「座・高円寺」が新指定管理者のもと新たな運営がスタート。「すべての人の文化創造拠点」を目指し世界水準の舞台芸術と地域密着型創作を展開,TOKYO HEADLINE,secondary,https://news.google.com/rss/articles/CBMiTkFVX3lxTE1yYzVwV21WWWQzLUR1OVhTY2Qwbk9ac2dUcWw5bkcycFNONWp0MmV1QnJFM1dMbG5OdU9qcXVwakUxU3FQWndvSUttUVJqQQ?oc=5,指定管理者制度 劇場 地域 展開 拠点 文化 運営,
2026-04-03,博物館の「収蔵庫満杯」問題に、政府は「廃棄」検討を提示した スペース増やす資金は「稼げ」のかけ声だけで - tokyo-np.co.jp,tokyo-np.co.jp,secondary,https://news.google.com/rss/articles/CBMiU0FVX3lxTFBSOGNvSTF4bWhNSjZkLXBYekRCOHRxdWhyQ0tBakV6bDZGY0lzQkluLWtSdHZiUW5aVnZEMDduUWI5eWpDbGdFblBZN2dsUkdJRU44?oc=5,博物館 収蔵庫 問題 廃棄 稼ぐ,
2026-04-03,博物館 収蔵資料が満杯 安易な廃棄どう防ぐ? みみより!解説 高橋俊雄,NHKニュース,secondary,https://news.google.com/rss/articles/CBMiX0FVX3lxTFBxZFRFVkFnMVA4d0pVOWlDdkhMYlFQODM2d0VUNTY0WW02a2FkZGN6S2EyUEdFUVJ0RDVqSW5BM2FFakt4WlF0X2Q2bHI1X2tGeW5adERZNDMxdndEQVM0?oc=5,博物館 廃棄,
2026-04-03,全国共同制作オペラ 團伊玖磨歌劇『夕鶴』(新演出),ntj.jac.go.jp,secondary,https://news.google.com/rss/articles/CBMidEFVX3lxTE5ELTJlTXBETWtVcTU4SEY1dTBqRlBLeWJDdGVzaHpoRTF5Zzl1WXhfZFdWNjMxNVhLRjg1WnFSX2FYZkxYMlJHNGtjS2xEX0R3ZHFrWi1fMTlLeGF3MF96eGc0OENXV3ZGNUtpd2cxUEdQZ1Yz?oc=5,,
2026-04-03,令和8年度新潟県国登録有形文化財磨き上げ支援事業を実施します,pref.niigata.lg.jp,secondary,https://news.google.com/rss/articles/CBMieEFVX3lxTE9xVzFlRy12ZTlOVEl0NWlnbVdHRFpmV2d0Rm1tcWlxeDRnZDdhNGY5ZWlwUG5LeE9wX2tWMXRsZUJqRDVVNjhNaWNLWWZ3SXVuSGJQQkJCVGpNNUR2ZW52dlpGdjFOLWppS0cxTkhfNm9obi1lb3NhbQ?oc=5,登録有形文化財,
2026-04-03,人形劇団クラルテ 第97回公演こどもの劇場『11ぴきのねこふくろのなか』,ntj.jac.go.jp,secondary,https://news.google.com/rss/articles/CBMidEFVX3lxTE9uaXE4b190ODVTdXVDNXZwZXJ1eDE2ZkdhYXNxLVFPYU9BSHRBNlI5UzRRWlp5cGk1SXNIN19HTVkybjZ5MXlGZTB3UHZoLTFyck9fZ1BCSjNsVDRVdEtlNEVuWDRfN3B5cldfZ0UwdU5henVx?oc=5,劇場,
2026-04-02,座・高円寺 2026年度ラインアップ発表!,PR TIMES,secondary,https://news.google.com/rss/articles/CBMiakFVX3lxTFBBTE5HOFZVRjNocFNZdlh3SjhpU2FCdmI2SGNFdHpEc2VxYWU1WU9fS2dZTjU2S19PNGxvMFpYSnBFSExsZGJsN3dramFiVS12VUhfSTNURm04VXlWaFBNdkkyWnp0cTdPZkE?oc=5,,
2026-04-01,文化芸術に対する沼津市後援名義の使用申請,沼津市ホームページ,secondary,https://news.google.com/rss/articles/CBMiekFVX3lxTFAzU2k5aUhqUDJ0aGdVazM4YUY4UDlrUzZaalJOY1Q3dm43WWxmaGwtTWZEQ25XVzdWdDdqYzdlMjRONDhlZnJGdTh0YnlrU3lIQ1JrZlpNRHpBSlJLSXJJcnIybWRTcGNSWW5reW8xQ0dfRkREZTVLeUpB?oc=5,,
2026-04-01,国の文化政策の試金石 国立博物館・美術館の経済的自立,日本経済新聞,secondary,https://news.google.com/rss/articles/CBMibEFVX3lxTE1CcWlFdlYyMlp6alFLSG13WVA3bFZ1QzhyVlVGZkJUbmFzQWprYWJ3MFQycFNnUTJDck4tVlF2bl9qRmJZbXVJd3lKY1FIQlF0RENDOWZaXzMxQlBVVi1wdWRTX2h6TTlYOVVVaA?oc=5,国立博物館 文化政策 美術館,
2026-03-31,博物館資料「やむを得ないときは廃棄」 文部科学省が基準改正,日本経済新聞,secondary,https://news.google.com/rss/articles/CBMibEFVX3lxTE5hYlhwQjBVWURHV0tEVzduUFhaM2E4REFxaEZ4Y0U5OVRfb1FNb3pVR05HUUJ6VUxieEZabDRXaW9xeXotOXdUa3RrakJCdlRBWjFjXy1RVC1XWTQyMDRvbkF4WDd2RFVwR0hDSw?oc=5,文部科学省 基準 廃棄 改正,
2026-03-31,博物館の収蔵資料は「廃棄」も含め検討、収蔵庫不足で運営指針改正...反対の声も多く「慎重な対応」求める,読売新聞,secondary,https://news.google.com/rss/articles/CBMiZEFVX3lxTE9DVS1sNFN3aW9ndFZJX0tuXzJVdDNhRUl3TkJoQ2g5ZlNldkxXZTVNeGEtWXViUFZETzN0bVd2blpNV3JFWnd1cVJWOFVHX1dXUFBZQkpKeTNQQ0JyTVZ1REJYX2s?oc=5,博物館 収蔵庫 廃棄 改正 求める 運営,
2026-03-30,国立博物館・美術館に「稼ぐノルマ」設定。議論を呼ぶ中期目標はなぜ生まれたのか? 背景と論点を専門家が解説,Tokyo Art Beat,secondary,https://news.google.com/rss/articles/CBMipgFBVV95cUxOd3ZQVmJpbXNEa2tkeTFxUnR5aUVHeFhRY1dNa0pLUThudVQ1cmVLV2hVdldDM3RkTG1aZmI2OGwwclcxdjVBMXZlanNTNXUzNE1TUUljX19qajNjN3NMMVY2b3k5SnF0cWZIYVVSTy13Qk5xWElrYnpuUFlyVXdPZzVXV1pRYW1sbDJXWVFtdEczR2ZxaW1RRnFLNmJCaC1Qd2J1QzZn?oc=5,国立博物館 稼ぐ 美術館,
2026-03-30,令和8年度 デジタルを活用した文化財保存活用推進事業について,大分県ホームページ,secondary,https://news.google.com/rss/articles/CBMibkFVX3lxTE5TaURJRTNHUE02aER2ZlptX1FxVi1OTEJmbjNEdXRyc1BBQ0pTbTFQNE1iYnphTmFFTFJ5YlNJTXZyT2VEcnFnaEtDRV9Ram9ncTRvSjFWMXJPUDFETmtydWpiWkw3aHVBTDhuSkNB?oc=5,事業 活用,
2026-03-28,全国の博物館収蔵庫 6割余が「満杯状態」 日本博物館協会調査,NHKニュース,secondary,https://news.google.com/rss/articles/CBMiX0FVX3lxTFBLcV9BU01IQjM4eWxod21vUUdyZXowQ3o5TXI3dWU4SVVlQmxJaWI5ZU1aQmRSRmtYQmQ0NVpoQkEwSURtbHlBRWJXRWJXSzZaaTFjaTQ0eDRmZm54YXM0?oc=5,,
2026-03-28,もう限界!博物館に忍び寄る“廃棄の危機”,NHKニュース,secondary,https://news.google.com/rss/articles/CBMiX0FVX3lxTE5taUl5Skl0MUg3bnZfUHJSb3RxYTZFUHhDc0ZxWUNWRUlzQ3AzQnVEQkNCcU93ei0tanpITmtQc2U3aEFUMFdtSnpQMF85clFrS3NYYVRvY2xEdk8zRnNv?oc=5,博物館 廃棄,
2026-03-28,「芸術こそが、もっとも優れた外交手段」。フィンランドの文化政策に学ぶ、アーティスト海外進出の新戦略,美術手帖,secondary,https://news.google.com/rss/articles/CBMiW0FVX3lxTE85ZXBKV0tmVXFWOTVGUUxRWlhnblhiVjRER2dYQWZXS1RQbjg5NUw2dmVVUXJwdFVsQ201SmtYZjRCaGZ6ZGhzVzRSNl95a3BGSnZVUFdVbTVMZE0?oc=5,文化政策,
2026-03-27,国立文化財修理センター、候補地決まる 京都府警北野待機宿舎跡地に [京都府],朝日新聞,secondary,https://news.google.com/rss/articles/CBMiZ0FVX3lxTE5Dc1FXd0JaNUxWLTdKTHN0cl9mVGJ0WWJWU3NBWWNZWVdlS3ZuSHZjb2xKQWpMdGozbjRqQlphWG8xZ0dYNTFTWGE4b3pKUFRlUlplbUQ2TVRrM3E4ZW5TcnlQS3VnWjg?oc=5,国立,
2026-03-27,ガイドブック『KANSAI ミュージアム・ピクニック』を発行しました!,kouiki-kansai.jp,secondary,https://news.google.com/rss/articles/CBMihgFBVV95cUxOTS12c3diTHpjWlBZbkUxZE9hbERsNi1CN04wbGVPUVZMQVNNcUdhUkhlUm5sSUZKcTBMRXlHZmxQdFVwcmNocWdfaEU2elhHVzdTdXM3RUhWNUJnWjROZkNaQ0xMdEhfNkNnZ29lV1lHTmtaUktwY1FqNEhDeElYcEdpNTZydw?oc=5,,
2026-03-27,「佐野市の文化財保護 令和6年度」を掲載しました。,佐野市,secondary,https://news.google.com/rss/articles/CBMiiAFBVV95cUxNdjNYQ0NkZkN6OXFIWE5Ga1dVREFtN3phSkFmMWg1YTJ3d3hfbmRZc045anc3emdxS1RKc3E3OGRZVmFibm8zUTBnM2o1OFY3eDMyMm5xM2RUQ1A5SERySEstX2dlN29JcDhydmdFLXlKM2RhRlpwQUJPZ3A3dHgtNHJIQlFqZ1ZN?oc=5,文化財,
2026-03-25,糸島の郷土料理 「糸島そうめんちり」が文化庁「100年フード」に認定,city.itoshima.lg.jp,secondary,https://news.google.com/rss/articles/CBMickFVX3lxTFBIVENUX25GeU1LREhxQ1lQTUVQRXp5S3hER19MTTZhOU9JVTRDeGxVWjZheHRCVGFaNW0zNFBtdnZXRGwzaWtTbFEtVjdvSHJZR1RJQVJKMlR1S3BlTUMybEc3THpKeTlrS2JOQVQ4SHdDZw?oc=5,文化庁 年フード 認定,
2026-03-25,東近江市人事異動 部長級理事2人を配置,滋賀報知新聞,secondary,https://news.google.com/rss/articles/CBMiXkFVX3lxTFA2M19LOExQcmZNSGNSbER0Z2F1b3BrbmRleUkyOUN0b21iNzNQMEJVRk95ZUVDa2JKWkxPRXR3TC1WQzNYaldWMTVBLTV6d1k5NzF5YUhrdGFrdEQ4aVE?oc=5,,
2026-03-23,宮城県美術館の観覧料上限撤廃と利府町旧役場跡地活用:文化政策で変わる宮城の地方創生,選挙ドットコム,secondary,https://news.google.com/rss/articles/CBMiX0FVX3lxTE02ekRfS2w3N1h1dVhhR3NPeG1DVGthdk5wOVpyV21DQkZFRmJidUUydXA2TlRnek5sNG5WVGhnZDktMldhR3dKSnZIcldObGxVWHFMa0xLQWN6REkwNkM0?oc=5,文化政策 活用 美術館,
2026-03-23,【全掲載】新潟市が課長以上の人事を発表 異動規模は約2100人 女性職員を管理職へ積極登用 部長級で新たに4人,新潟ニュース NST,secondary,https://news.google.com/rss/articles/CBMiSEFVX3lxTE9EVGd4Zl9qVExRUzAxamw0N2FxQ0RROWxMX1V1UDFtMS1ZWFdNaF85TXhaSC1TaEtVNEd1eTZkR20wZTVYVWI4RQ?oc=5,,
2026-03-19,日本遺産普及協会・代表監事が説く『日本遺産』の意義と 多層的な地域のストーリー,VISIT MINATO CITY,secondary,https://news.google.com/rss/articles/CBMiX0FVX3lxTFAyWEZhQ3AycUVaM0o4UTBzV1loeUlTS3VWemdiQnA0ZVhtekxHNGR2bGJkTGdEb0htMlNia2NaclNOU2lCM2ZYcy0tZ0hBa0FEM3lMM21xMHNGZkh4SkhJ?oc=5,日本遺産 地域,
2026-03-19,「廃棄」はあくまでも最小限 奈良県立民博の収蔵品保存方針まとまる [奈良県],朝日新聞,secondary,https://news.google.com/rss/articles/CBMiZ0FVX3lxTE5MNG5SdVExNENMOEVJTDhsVi1WTlFXNWFDTnd1RFhfU3ZNNF9OS0t3S3hmeUpmbF9lQzVTTkQ1TTdrN1JJcHkxcVNVVm1feVRYTTBUUEg4RUVuZGw0RTd6dXd0SEgxSEU?oc=5,保存 収蔵品 廃棄,
2026-03-19,「大学の学びを強みに」 静岡文化芸術大、浜松で卒業式 341人が新たな一歩,静岡新聞DIGITAL,secondary,https://news.google.com/rss/articles/CBMiTkFVX3lxTFBqdXlRNU1LOGNTVGtYTjltNGlaUzcybGJYUFdISmFYWjg1Y0o4b3k0WUc2TE14YnFWNFQzMk5zaGllQzZ3OFhaNnVrbDJodw?oc=5,,
2026-03-18,都立ミュージアムの収蔵品画像が無償ダウンロード可能に。様々な場面での利活用を推進,美術手帖,secondary,https://news.google.com/rss/articles/CBMiY0FVX3lxTFBNek9LUkxVTnJFUXJnT1Y1WGxwMVBRSEVoSTNKNFRoZDFCRUNQRmp2aGUyUFFsYWhQSEFBc1JqTVdsOXJ0aW1vU1plQmY4N3hJVWNRUHlKTTcyTmltTHlLcjM4OA?oc=5,収蔵品,
2026-03-18,あふれる博物館収蔵庫 資料を「処分」した館の8割がルール作らず,毎日新聞,secondary,https://news.google.com/rss/articles/CBMiaEFVX3lxTE5OSnFPTjhxSnRlcEYxanR3Nmx1RlBSbFgyRmxSNHJsejBpLVh2anlKSHd6VWFCT0pwNlNnVkl5T2dfMTBKQ215Ukg2dGZtUmloaW5OSFRITTlhSGJGRnBnSDNZWUJxeTBH?oc=5,資料,
2026-03-17,神職様のご案内による北野天満宮境内文化財見学と錦秋のもみじ苑特別観覧を開催しました,pref.kyoto.jp,secondary,https://news.google.com/rss/articles/CBMiigFBVV95cUxQS19FM0JYSDdHRmtIRHR2dkN1c2d5NFR0WndnMWJDZVNxV2l3ME9EOXVBMnpGOXlGdGtzejVtTFIycXVEQmIyRWxuR25GZEpCSlVoeHZoMFZDOVAtSTZGalctSEpIN21LLTlkaHlOZ1cxZVd2UUZ4NVdSakJRbzVkN0FCUUQ2cjF3bXc?oc=5,文化財 案内,
2026-03-17,国指定文化財「茨城県風返稲荷山古墳出土品」の再保存修理を実施しています(5),city.kasumigaura.lg.jp,secondary,https://news.google.com/rss/articles/CBMiakFVX3lxTE5hZFhXQm1vWXlzMVZxOXNoMFBwNEtfSm1WMHA3VTZLZGYxbU1yTi04QTlwZVRreWlpR1QtYW83SkxmaHVhSXE4YVdTTHBISTA3Ui1JT0JfNVJVQ2FKTEFwTjZBamVySS1nLVE?oc=5,,
2026-03-14,新潟市は文化政策で「ノイズム」どう位置づけ?立ち上げたからには存廃に関わらず説明を...綿江彰禅さん 連載[舞踊の十字路・インタビュー編]<下>,47NEWS,secondary,https://news.google.com/rss/articles/CBMiS0FVX3lxTE5GZUxMYWtmeGJJMmNDYllUd2hJbE4tSXRfTWR5VkxhenBUY2JhUjlBWHF4N0VSSWxtcE5GVW9jOWs2ZWhkbGlpLUJ2UQ?oc=5,文化政策,
2026-03-14,新潟市は文化政策で「ノイズム」どう位置づけ?立ち上げたからには存廃に関わらず説明を...綿江彰禅さん,新潟日報,secondary,https://news.google.com/rss/articles/CBMiXkFVX3lxTE53UTJCT1VKNkZWVWUxdkc3cUFIendEYk1rRzRjenZlRlAyMGJodUtWSFh6QWlmZkZnZzJqMDBYM2lFb0dRX1dmcnpJTVhzYVliN0k1aEJaMjg1ZTRsMnc?oc=5,文化政策,
2026-03-12,デジタルを活用した文化財保存活用推進事業について,大分県ホームページ,secondary,https://news.google.com/rss/articles/CBMiakFVX3lxTE9pTEZja09Xa1JocTc0U0kzWVZsV0FfODVoSE1odldBQk1ZMlRVVVp1c3hkV011VjVReUp0ckRoVlpzUHlsR05SVy1GQnhQNWNnZWpXSm9qNV9YWGNOYnJ6VUpOZk1kZHZxb1E?oc=5,事業 活用,
2026-03-10,文化庁長官に伊藤学司氏 都倉俊一氏は3月末で退任,朝日新聞,secondary,https://news.google.com/rss/articles/CBMiZ0FVX3lxTE5aSHRRSFR4WVJyWF8wSE1WR2w5VHh4di1DZkhoVFAzUEZ2SWpIMVdKYzROUGwyN3BvRkt2ODBzbzQwWDJzWUx5UnV1ekdNZmxVelhXX1ZRZ00zbUkzZ0JJVmVhWWFQOUE?oc=5,文化庁 長官,
2026-03-10,国指定重要文化財「大分県府内大友遺跡出土品」の令和7年度保存修理について,大分県ホームページ,secondary,https://news.google.com/rss/articles/CBMiY0FVX3lxTFBpaVEyeDBkT3NTZ1ktQWJzZzVVRjBqZXJ3YWkwbmwwMzNXV0xHM3RJazdXQXI3OHlxRTR3WjZvM3pXdFZkOVFhWFQyUjNybUU4V19BTFBFc3MxTU1vQmROazMwdw?oc=5,,
2026-03-09,東武動物公園は、博物館法に基づく「登録博物館」へ,okinawatimes.co.jp,secondary,https://news.google.com/rss/articles/CBMiXkFVX3lxTE9PcV91U25QQUMwc2UzMzNCMXlmRzhlMFIySmhBaDhHYW9DQ2NiYkxqaGhaZnBGRUI3WmhrcWtCT0dQbWRlYlhnUnRBVlhpaHFGTGtnTlE2UFRsOHJXRUE?oc=5,博物館登録制度 博物館法,
2026-03-09,【総合文化政策学部】<デジタルストーリーテリングラボ>無料VRライブ「MetaVoyage Live Project vol.5 with NiBOSHI」~猫界の歌姫VTuber・NiBOSHI 出演,aoyama.ac.jp,secondary,https://news.google.com/rss/articles/CBMiakFVX3lxTE9BdDNVWGR4dUg4NlRxUjRHQ0NuY1VfNUtxOHZyejV6aWtrLXRwNUJzaE5USDFXNS0tYk5OOXA1ZVhvQWJRUXg4U0VPQWdhSXhONDZaMGlUS2pCUnhDZWZSVjB3b0Y5X19wRVE?oc=5,,
2026-03-09,「長岡市文化財保存活用地域計画(案)」 に対する意見募集の結果について,city.nagaoka.niigata.jp,secondary,https://news.google.com/rss/articles/CBMijgFBVV95cUxOQUFra2M4Y09xUVhMUzZqLW8tcHBhMldqNmJLMzEzY0cweERwMXdXaVlRTDN1Vkk4VWRITzJKTXBBM2tVMFJoemUzQzZqT0ZNOExIdlJBNnVOUVZUSUJSOVBadFdWQjZrVEdLXy1TV1pkMFM2YlBsSTJNcXlfMU96RXZnYXlqLVY1aVlDSWVn?oc=5,文化財保存活用地域計画,
2026-03-06,文化庁、著作物等の利用に関する裁定制度に係る「裁定の手引き(令和8年3月改訂版)」を公開,カレントアウェアネス・ポータル,secondary,https://news.google.com/rss/articles/CBMiTEFVX3lxTE1PeS1RVzlSNHhULVF2Q2t1ajMyVHVtcnpNM1liek5hSHZvSElTNThPdHViUDhBekstSUhlS1JUM3lSS0t4ZG02TTVoTEg?oc=5,文化庁 関する,
2026-03-06,文化審議会文化経済部会シンポジウム「日本の文化的未来」を開催します,prtimes.jp,secondary,https://news.google.com/rss/articles/CBMiakFVX3lxTE1EaEVLN2hoTklicXVHVmt4aHRFTU91YVdSQUhBMVVvMVp5dE9TNE1GV1A1alduU01qZ2NxUC12Ym51WjBrNm5mT3Itc2NRYmZKck1WalBOanRqRFgzNGt1aUdrUko5Qnl4aEE?oc=5,文化審議会 日本 未来,
2026-03-06,国立博物館・国立美術館の次期中期目標。文化庁が「再編」「二重価格」など、「特に質問の多い内容」について回答,Tokyo Art Beat,secondary,https://news.google.com/rss/articles/CBMijgFBVV95cUxQTlpNaTJSMHVwRWNfMHp6Tjh6azBSV0JBa2RhRThSSElpZ3p5MlFHSXRxdkRCcDBJd3RKWk5EOGtxNTRSZTVHcHJnMlplcmFzYWM3T1NTLUUyQnNnUEkxVUFxeGxYZG5mTy13cmxMTy1KLVEwWWt2NVlqWDNLY3FFeHVFNkZocVRTRXlGSUF3?oc=5,文化庁 国立博物館,
2026-03-06,“りゅうきゅう” が文化庁「100年フード」に認定されました!,city.kitsuki.lg.jp,secondary,https://news.google.com/rss/articles/CBMidEFVX3lxTE1oMmRsUXBsMERCbFRqWWdhUjB4U21aZF9jVHpoVVdEdjd4RFJlZlpRWWI5V09qTG5sMkxVMVZreFBxODdzazN4eVBheS02c2tsdFU1dGNnQjJtYkJ5YjVxR0tOTnNNWVgzaFBXalgxSGtfclp0?oc=5,文化庁 年フード 認定,
2026-03-05,文化財保存修復研究センター | ザ・バックヤード 知の迷宮の裏側探訪,web.nhk,secondary,https://news.google.com/rss/articles/CBMibkFVX3lxTE9mT1ZuLTRQMkQ0a3JnS0s1TERwMnpwQzRHX3FiNExnOEhiTlBWNkZSSE1kWlJJdmVmZDN6aGRsVUpER3RnajlwYTNwVWt1N2hBYWN5VXdEV2phYXRleDJxc1BScm9KYWlYbFhtWEJB?oc=5,,
2026-03-03,博物館の登録等,pref.kagoshima.jp,secondary,https://news.google.com/rss/articles/CBMia0FVX3lxTE5rclhHQUhyWG03QXBhdFFYMTlJRlNMRlZKRlZFNGdsQVlZUmtDbWF0SkpXQUR1RUZjbkRWenE4V1lDQ3Ixc2xMMWUwZnNtOGZDOWN3b3FOOVR5REdsNHJXNHJIdGNKZ0RLOG5N?oc=5,博物館 登録,
2026-03-03,劇場をひらくアクセシビリティ――「誰に届けるか」という問いの先へ――演劇界の気鋭が明かす「鑑賞サポート」の舞台裏とリアルな現在地,株式会社共同通信社,secondary,https://news.google.com/rss/articles/CBMiYEFVX3lxTE5yd09HQ1NxbGFHSDdkNGN2eE55QmRjR2FuUFlJZXc2aE1XS1lzOEF5Vm5JenAyVDBlbnpWN21xcVozVWtZQ0kyQ3pJQjFXZW1zSlVxOEdqZEpYWHJNZllRZQ?oc=5,劇場,
2026-03-03,えひめ文化財防災マニュアルについて,pref.ehime.jp,secondary,https://news.google.com/rss/articles/CBMiZ0FVX3lxTE94VWxGN2dzMzMzTDU5dHUwc3ZqczhvY2lIVXFpc3NzYTBqRnhjZjZqT19ZdmJFSFo0cHRXcXctN0JzZjQxek83T21RR0JlYWZSWE0yNGp0RFNpNU1yLUVQRDFBX2pPMk0?oc=5,,
2026-03-02,【公募開始】令和8年度「全国各地の魅力的な文化財活用推進事業」,prtimes.jp,secondary,https://news.google.com/rss/articles/CBMiakFVX3lxTFBSMThuQnF5aXA3NzJVekZFOGpDalpOTGpaY212QzM2eTEtY1FiVVk4RVZPdWJiazR4bHQ2UDBaQ3ppTUNWZU4zSVVZdk9JS0tyTUwwVnUyc01tLVdKVDQ2WTdvSDBSRzBWamc?oc=5,公募,
2026-03-01,【葛飾区】2/28合唱講習会から考える文化政策,選挙ドットコム,secondary,https://news.google.com/rss/articles/CBMiX0FVX3lxTE9leVFFNjhJdmpDNU1LelhLaUp4d1lxc2VZeFowNW9WbG56R0JFd1NvOTZ2OHU2WHRoVlZGSkk1cWN3eEpacEpValFONnNFbUo5Q2wzMWFYZEFISUphOElZ?oc=5,文化政策,
2026-02-27,文化庁主催「100年フード・食文化ミュージアム サミット/マルシェ」連続で開催!,prtimes.jp,secondary,https://news.google.com/rss/articles/CBMiakFVX3lxTFBrY0FzclhabXlWaUxoZ2FVU1ltaUJFWlk5ajJGdmgxeGdVczZIalVGLUlSUm1HejFCYUE0M3QweGpwNFphMjhuTTdYZ1J0WVVINWtJRDU2d2JuNFA3aGw5dG1EWjRxd3ZXX0E?oc=5,文化庁 年フード,
2026-02-27,『国東市文化財保存活用地域計画』作成事業について,city.kunisaki.oita.jp,secondary,https://news.google.com/rss/articles/CBMijAFBVV95cUxPT0N0WWVVOXEtQ1BfX3h3WFJxZjEzb2pJaXlWU0F5N3I0NWdNNXdvNUNtbmF0VlhaWXcxRUhHT2YwX3IwalVCeEZTT1oyZEgwUC0xd3BzR1gxaUNlUFB0dnJ4MXd5UndnMlk4WFlmV1lXNmZFWGxkT2VHY3ZKLUswVXRJOHdpVFpvNU1qUg?oc=5,文化財保存活用地域計画 事業,
2026-02-26,精華町文化財保存活用地域計画,town.seika.kyoto.jp,secondary,https://news.google.com/rss/articles/CBMifEFVX3lxTFBuWEZKQ2xFVEIzak92dk53UVNpUGEtdlVOTlU0RFluWkFjTTBtbGM5cEEyczhWN3hnRjA5Q2h6Y1FWYVNxTk1VUWJxUWdFMnc1WkJ5MEFBSHZnMURYbHNXLWw0dlBvRFF5MVNhdlcxSFNoWkIwa29OVVpQVk0?oc=5,文化財保存活用地域計画,
2026-02-26,文化庁が「分野横断権利情報検索システム」「個人クリエイター等権利情報登録システム」の運用を開始。著作権の透明性を高め、利用の円滑化を図る,美術手帖,secondary,https://news.google.com/rss/articles/CBMiY0FVX3lxTFA5bUpyQ0JfZjNYSGl0dHltNjhQSTUyNmpGRXVrWERLbnBlUnpCQXM1UWpQVlpQdVNpTWozNTBMb1RPOGFLRGlEajgyeUdtQTZfLTFUNTN6RkEyQ19zTDdYVjA0Yw?oc=5,文化庁 登録,
2026-02-24,博物館収蔵品の「廃棄」基準、反対相次ぎ再検討へ 文化庁有識者会議,毎日新聞,secondary,https://news.google.com/rss/articles/CBMiaEFVX3lxTE40UDJNVE83a1VycTFfSnNSQWEwQkthZkM2aWFnV056VnlyU3ViOFR2VU5NZDlJdU5CbTFxU3BLTFM3REcxYl9zd3ZMNHdLY0NacnhRXzN6QU55MUJhd3p6SkhSd0haOXMw?oc=5,文化庁 基準 廃棄,
2026-02-23,文化庁 博物館法 基準改正案めぐり「廃棄検討は慎重に」追記,NHKニュース,secondary,https://news.google.com/rss/articles/CBMiX0FVX3lxTE9HR2ZJZnEzd0R1SGx4SjdiMllZRjNhZ19yemlZZlVlaHVONG1CS3lqbEdSR3JMSFZyMnFvTTdRbWVpZEpGVGh2bVNkYTlnNEpGSEhSTG9TUVUzdnNoc3B3?oc=5,文化庁 博物館法 廃棄,
2026-02-19,「なかのZERO」など中野区の3文化施設、次期指定管理者にピアッツァら|新・公民連携最前線|PPPまちづくり,日経BP,secondary,https://news.google.com/rss/articles/CBMiakFVX3lxTFBqSzFwUjR4Wm05aDRSMTVZdWVWTGZxVU9mdHNZOUhydlhmMjlncGx2UlUtVTNxODh3VnNrLXlfWlVpbjNsNUFSR29qeTNfdU9rMU5lallfd0hQYVlaVXVVUTFObzJENC1aT3c?oc=5,指定管理者制度,
2026-02-18,博物館の収蔵品「廃棄」可能に 年度内に文化庁の基準変更の見通し,毎日新聞,secondary,https://news.google.com/rss/articles/CBMiaEFVX3lxTE1oeE5ieVFQQUkzanc4NDY5U0pVb1lWZVNTUlZaVkdFT1pXZDVmbW9IT2cweWVjS0luWmh5ODlULWs1NDB4UTF2ZkVmdEYxbDlsaXdiR2hqT0lic2kwQTFadUtoUzl0UEhM?oc=5,文化庁 博物館 収蔵品 基準 廃棄,
2026-02-17,2025年度 学芸員のススメ,city.atsugi.kanagawa.jp,secondary,https://news.google.com/rss/articles/CBMidkFVX3lxTE8xVEQ4U0NsNVpoSTlfNGNPa2tpbzMwVWZmOVdBdVZONHdIUUtDTW5NaWN6LWp2ejkxWjNhRGNveFJ0Zkk1MlEtT01yekxmM2R0eElzbzBtSWpFR3ljT0dVS2s2Skd3SnNpVHJzNFo4VVN2ajRfZUE?oc=5,,
2026-02-14,大熊町文化財保存活用地域計画認定を記念し特別開催,town.okuma.fukushima.jp,secondary,https://news.google.com/rss/articles/CBMia0FVX3lxTE1pN2toZ05mODJIZUNydmh1ZlFOYlFKUkFodnBOaWxOZUJQVTlHT1hvNVY0dmJPcUFaRzB6QzhGR2dPX01JblpEc3lOWkVEYjBBRmFFZFBVcWJWSXdhMmVhQ0pCOG1NdU1nWW9z?oc=5,文化財保存活用地域計画 認定,
2026-02-14,地域の宝をみんなで守る|文化財防災・救援プロジェクト2026 - クラウドファンディング,クラウドファンディング - READYFOR,secondary,https://news.google.com/rss/articles/CBMiUEFVX3lxTE1zTEJMZVpaMndLMlQxT0pGeGlfQzRWWEVTX3RsWDhlaG5CT0RmejI0bDVMY3EzVldGX2VXam9ZUXlxdUJ6X1Z2YWdITWRxRUhH?oc=5,地域,
2026-02-14,BSフジ開局25周年記念番組 『日本遺産物語』,BSフジ,secondary,https://news.google.com/rss/articles/CBMiWEFVX3lxTE1OTjhiRGc2eHF6Yk16SXpob1pKN19TLWUwWmdVV05weVJnSlFaM19kUTlHb2lVeG82OVMzcFAxMGl2YWJ6VXk5TGVMR3F4aVVlalB6U1REb2M?oc=5,日本遺産 周年記念,
2026-02-13,「日本の万国博覧会 1970–2025 + 描かれた未来と夢」開催のご案内 | 文化庁のプレスリリース,prtimes.jp,secondary,https://news.google.com/rss/articles/CBMiakFVX3lxTFAxTlBDeTdFZTg0MmRxVEwzRlQtTm0xUnVHRXd6QXdpT0R0OU11MTZPelVkUnBIaWRleG9vdkFlS3ViMFEyWktVYm5uNGhJd1NGQWRPVGZuWXhtMmFoUG12U2ZyNXBMVkFYcnc?oc=5,文化庁 日本 未来 案内,
2026-02-12,チケット不正転売等の防止に向けた新たな広報コンテンツを公開~15秒解説動画、解説記事、Q&A、ポスター等~,prtimes.jp,secondary,https://news.google.com/rss/articles/CBMiakFVX3lxTE9qS3FDZ0tVLWwyYlpJUlFjOE96enkyM3ZEc0FSWEhlWjdENUpucFZZVDllZVVua2lPZFJhM1hJRUEzbnA0d3BOSUt4SEJrOS1JLU1DZ2RNWjZHVjlMVkpvZ09yWWxiQU9ScGc?oc=5,向ける,
2026-02-06,青山学院大学 福岡 伸一教授(総合文化政策学部)が「大阪・関西万博 テーマ事業プロデューサー」に就任 - u-presscenter.jp,u-presscenter.jp,secondary,https://news.google.com/rss/articles/CBMiVEFVX3lxTE94cFFPV0JVdXYwNmdKNVludHltcUc0STMxTjljeWd2aTB4RVkzTWU2NEcwaE4tZmhlQlVmMDlDLXpXNGlLaERfUGpBUFh3cXN5VWdJWQ?oc=5,事業,
2026-02-06,文化庁 建築文化サミット ~ まちづくり×ビジネス×デザインのシナジー ~,prtimes.jp,secondary,https://news.google.com/rss/articles/CBMiakFVX3lxTE51a08xNEE0MEJTMGI4TmZ1TVdLVlEwYW5sdXhpTTdndUI5TXJ4UF83SWw1dXNfaDJVam9nOWhMR2dCQmtIWVlBc1pLYnVmOXRCSUlWeFVHVnl3WjF5THh5NWp0cktla1RNMlE?oc=5,文化庁,
2026-02-05,【総合文化政策学部】映像翻訳ラボ字幕担当作品『ハルツーム』上映とトーク(難民映画祭パートナーズ),aoyama.ac.jp,secondary,https://news.google.com/rss/articles/CBMiaEFVX3lxTE9hbm9QQjM4b2llYXhKQmN6RTBVb1JJQ3RTSmFtTWN3cU5WNjM5UDZzOXlGaFg5R1R3YS1Cb2ZKUi1ybHZFS3UzYUVTTEtQU3c2bXZVeEh1SU5KNnVrTHNpRENwYkxaXzlj?oc=5,,
2026-02-02,シリーズ衆院選2026「各党の多文化共生に関する政策読み比べ」,tbsradio.jp,secondary,https://news.google.com/rss/articles/CBMiUkFVX3lxTE1iTmp0Y0lORVVEME1MSS1LQUhFZFkxTjFFcTFWTHVQLXpxb1JTaFlGZFJTdkd6SFh1STYtSV9tR2RZN1dXTHZEeV9oaXc2SnlDWkE?oc=5,政策 文化 関する,
2026-01-29,静岡・沼津市、スポーツに加え文化でも街づくり 当初予算案を発表 [静岡県],朝日新聞,secondary,https://news.google.com/rss/articles/CBMiZ0FVX3lxTFBRUFJvTEZETHZZLUZ5LXd5bXNLQVhRU3h4QWRfZFY3RUxTVHVrTGZkcXpGTU80MEtqTERnYl9vRjNrZG9BX25EaDNnVlh1VS1STlF2RUk3MEhtbHQxRVp4dFZxUl9RdTg?oc=5,文化,
2026-01-29,令和7年度鳥取県文化功労賞受賞記念展の開催,pref.tottori.lg.jp,secondary,https://news.google.com/rss/articles/CBMiU0FVX3lxTFBlQ1NXeUZVX3pNRFI2MmFoQ0xTV2VycXFnN1JpMGN1ZGdjVXZGY2pHQXJBdDFQY3h5dTZOYkNZMU9zcjd6bFRBbFdMWjlrd3lzc0xN?oc=5,受賞 文化,
2026-01-27,改正博物館法に対応した市立函館博物館条例・規則の改正について,city.hakodate.hokkaido.jp,secondary,https://news.google.com/rss/articles/CBMie0FVX3lxTFBaaHBPWm5hMWtxdUI5ejVzT0owQUcyVHQxaUlQTENIYkptZzJTcXBXczNZRkxWdnlmWmVUMVZ0OUNDbnlOdWhSUmhXSEQ0bFlQQ3VQS19xOU9nVDg5RVlWNG5XdjNjUEU1Z2VCQ1l1Z1cxcnU0RkI3Q0Jnaw?oc=5,博物館法 博物館 改正,
2026-01-27,ステークホルダーとの共創による変革:文化芸術団体におけるロジックモデルの活用戦略,PwC,secondary,https://news.google.com/rss/articles/CBMiqwFBVV95cUxQb2t6MEsydTg5blpTWDN4OUtZQlVwa1N0RGVXZU1ORkdlM2o3QXVlbUx5bldvbmdkVHpfWVhEaTZ5WnJSN3VlYjhpck5ZVGNvRHBFTWYtTVVKbjBfdTdfbVBiSEFpMG0zTXhuaTBFQy1DWVd1WFZFeHFCelF0aGNUWS15V1ZSZjZNTlBzakNrSEo4Qy1MbFFPMVNpX2xnSE4zNTVwNlpIc3d0X2s?oc=5,活用,
2026-01-26,朝日新聞社などが「文化財防災アクション」 1月26日に始動,PR TIMES,secondary,https://news.google.com/rss/articles/CBMiakFVX3lxTE1OVW5EVkNPNWFxbXhJQ2pXeUM0M1NKTHRGQ2VZSlh6eDVIQXNUaDJTVnZMLVV0YnFGRUlhc0tDaVZ3OEl6VE5UTDBvVDBZS0tvWV9XTU5pZlV5WVZsbkszem1IdERiMFJpUWc?oc=5,,
2026-01-26,「文化財防災アクション」が始動 災害に備え、貴重な遺産を未来へ [法隆寺みらいプロジェクト 金堂壁画],朝日新聞,secondary,https://news.google.com/rss/articles/CBMiZ0FVX3lxTE9oSnN5allER29jWjNxSXlRTzJNZ29qOGZhc1dNYTlNRlBILWNlR0Q1Q1Z2VXNwd2xXNE5IdVNqYmFzZVA5QkZJVEJ1ejRCN3RnQWdxNlMwY1N0MjEwOUVUaFlPdkd2TG8?oc=5,未来,
2026-01-23,大熊町文化財保存活用地域計画,town.okuma.fukushima.jp,secondary,https://news.google.com/rss/articles/CBMid0FVX3lxTE1ZeUN4RWpBRkk0ZDBmLWNXQU01TElGMTJYd0M4Uno5am04QTltNnNGS3BhUEFSNGIyTndZSzRLZlc5WTBVMDhMZ256bjFMcHdRZzVGQnota1NDSU5mRzRYTHFVWEh4Q0ptVlhzbDd6dDUyWnJweUlz?oc=5,文化財保存活用地域計画,
2026-01-23,イギリスが緊縮路線から大転換。「大戦後の文化復興に匹敵する」3200億円の助成を発表,ARTnews JAPAN,secondary,https://news.google.com/rss/articles/CBMiT0FVX3lxTE5fb1JvMkNRZWI3Z0trYy1CQmhEa2JpRjN4TXJJNXVsTlZsa0RJbk9hSDhERWstQUJ3SWZUQ2hUSE5FZGNnSU1LdmttTWg2VHM?oc=5,文化,
2026-01-23,【VOICE】文化がつないだ400年 京都府文化生活部副部長兼文化政策室長(寛永行幸四百年祭実行委員長) 梅原和久氏,観光経済新聞,secondary,https://news.google.com/rss/articles/CBMiVEFVX3lxTE5ESUNWVHJuRkVRS1h3LXBaTmJab0w4RERjeWh3eTVGTzhDMjNyZm1XSHJqSHBsczk3RnNxNzNwenljaUpZSXVBd0dISUtZUV9ZR1dhQw?oc=5,文化 文化政策,
2026-01-23,『名取春仙 岡崎市美術博物館収蔵品図録』|岡崎市公式ホームページ,city.okazaki.lg.jp,secondary,https://news.google.com/rss/articles/CBMieEFVX3lxTFBlTVpNUFY0bUg2WFVUVUNINjhCcEJBeml5ekxRMjdpZFpYTTIyekQ0TlQ0RElHaWtxaWt3dy1wYl96X1BiZHZET0padG9IVi1ON2ZSQm1iTUVIeWV3VjdyZmN3TGNTTXNQNmYxX3FmZXhEVUxUWTFMQw?oc=5,,
2026-01-22,「登録文化財」30年 多様な保存・活用を進めるために 時論公論 高橋俊雄,NHKニュース,secondary,https://news.google.com/rss/articles/CBMiX0FVX3lxTE9jNzB1REJ2VDU1TVJUWG9EenlSMV9RcmZrcW51SjI3RFIwd3JUdGxfTndjY2cwTW0zMk1Ybzd3WVRtdGt5azJ6Rm52TnVmLUJ1YUw5aGdGd19lV0FpWm9V?oc=5,保存 文化財 活用 登録,
2026-01-19,【総合文化政策学部フェアトレード・ラボ】フェアトレード商品を使用した「エシカル・ショコラクグロフ」を新たに販売,aoyama.ac.jp,secondary,https://news.google.com/rss/articles/CBMiaEFVX3lxTE9RaW5vZUhUUFM1VG5vOVZLUHh1TV9HV3BwMV9ORU82ejV3MGlQa2xRdlVDbUg4WDZiSXVPc1hFTWJ5QUhyU0g0VTdBamw4WmtGY2xFQndIRnhDYXJBd3Fpb3lRaDMxVzlO?oc=5,,
2026-01-17,奈良博文化財保存修理所を特別公開 選ばれた120人「手術室」見学 [奈良県],朝日新聞,secondary,https://news.google.com/rss/articles/CBMiZ0FVX3lxTE9VcTd0b042NDBjSzV4N3dLeXVnc2RZaFc2VXo0enR0YklpVG14NW81dXBJUm9TOUsxVnJ3cXBlbmlDQmE2Z0I1VjBsLV9qWElLNGd5b1NxeFJwTmdKamRsOVhCYkQyZ2s?oc=5,,
2026-01-15,東京「MoN Takanawa」・山口「萩博物館、萩・明倫学舎」、文化観光推進法に基づき新規認定 海外宣伝など支援,訪日ラボ,secondary,https://news.google.com/rss/articles/CBMiY0FVX3lxTFBaMGRsUWhOc3pkOXV6ajB4a0xreVg0R1lra2Y5R0V0VFY0Mmh3ZjNKWFZkclFSZGZYT3B4WEVqclVPUWZOOHVveDRIVDJiQ1VWMC1BVkx0MFBVaFJjWDBXa19Baw?oc=5,文化観光推進法 博物館 支援 認定,
2026-01-15,THE ALFEE、「大きなお年玉もらった」文化庁長官特別表彰,朝日新聞,secondary,https://news.google.com/rss/articles/CBMiZ0FVX3lxTFA2eng1WS1SNVB6aEhSYUdyU0pzbHlTVmdBMl9GdVQyc2JlVkRKeTBvWWVTX1g5SmNXYnJiYzZZLTZwdGF6WDhkVFlBcXhyVlp5R1F5ZGRHU2FrZjQzUElHY0l4VjQxbWc?oc=5,文化庁 長官,
2026-01-14,文化庁の「食の至宝」、26年11月ごろ初顕彰 料理人やソムリエら,日本経済新聞,secondary,https://news.google.com/rss/articles/CBMibEFVX3lxTE1GbGtEd0JCYVdFeEJodUZ6UlBzZmd3cG15QllScGEyY040MWxUbzc1QXpOQTJaSHBocmFyb254blJ2ZXc0dm10RXh0TWs4dlMwWEVJbnlod1ZFTkFNODZFN2lyQnNjc1pFazlWbw?oc=5,文化庁,
2026-01-10,博物館法 基準改正案 “廃棄”めぐり日本民具学会が声明,NHKニュース,secondary,https://news.google.com/rss/articles/CBMiX0FVX3lxTE9mcDhQcUxRTDBkdDlJS3JNb1pZcjdvV0dQclhpT1ltRXBGamNFWk13NlRmelFyZVoxaURLV3FnLVZpbmtvaHlCbXlCU2RhcnliOGFBMnhaR1d3NEQwX2dV?oc=5,博物館法 巡る 廃棄 日本,
2026-01-09,ふじのくに芸術祭2025優秀作品展,pref.shizuoka.jp,secondary,https://news.google.com/rss/articles/CBMijwFBVV95cUxQZnVrV0dJS0VwZ1B0WW1yajFmdzg2NGFlTFNqTXBCd0NKRVYxUElpTkZocGx1U052WlZyaDI5UUtMWWZrRElJSEp2aDFOQkJwcHRndERpbDlvRGVLdjh3eHhLY2J0cEtRaXNoNy14dll2OUhvYmlaMVJwSUxQNkVHZDhQM0xhakNocUxqazhfVQ?oc=5,,
2025-12-28,沖縄県立博物館、次の指定管理候補者に文化芸術振興会 2026年4月から,琉球新報デジタル,secondary,https://news.google.com/rss/articles/CBMiYEFVX3lxTE5PcndIMkdubGVSUDVkeEN2aGRYdWpwbjZkUUN2MHVmbWg1QTF5MXlydWUxV3NIUnBmSkc0UUJNV0MzdUlsYlRhb0ROUzhNZDkwSTlQSVhsOWw5RWMwQm1oZg?oc=5,指定管理,
2025-12-27,沖縄県立博物館・美術館の指定管理者候補に県文化芸術振興会 「美ら島財団のノウハウ引き継ぐ」,okinawatimes.co.jp,secondary,https://news.google.com/rss/articles/CBMiXkFVX3lxTE5CbzhieXlDaEpJTTRBN2NlWkFWeUo3MVp1eVA5ZjllczhLN01hOUVOY0FmZlhiZXBadUktSER2RGpmMUVrbGV5eEZaMlJqRGxQZHFkSWNvekVsQzZBZ1E?oc=5,指定管理者制度 美術館,
2025-12-26,文化観光推進法に基づく拠点計画及び地域計画を新規認定しました | 2025年 | 報道発表 | 観光庁,mlit.go.jp,secondary,https://news.google.com/rss/articles/CBMiXkFVX3lxTE9RU2FuYUhTeXgxRUtWNHVoQTctRGI2S0JVSFB3MmlWOHpIM0R0QS1xS054LW5veTNmQU5yNEhYSkpZY2VzRGkyenUzUUJvYU9QZXdHMndPOHB3eU5xZXc?oc=5,観光庁 文化観光推進法 地域計画 報道 拠点計画 認定,
2025-12-25,長井市文化財保存活用地域計画が国から認定されました/長井市ホームページ,city.nagai.yamagata.jp,secondary,https://news.google.com/rss/articles/CBMif0FVX3lxTE1BQ2ktaGIwLUNwMDdESkRQTjJmUTZrMUdEYjQ5c1UyV1RBUUpPSXNTX0RZSm1KZjEwdEI0YU44TVNwV2hjOHdVU1lqOVBUdy1HcGZjSGtpRUZ3MzY3MG9SNG0tSzF5RVdPdjdjYTNBcmJLcVJvM0RXVG9OZnNkZm8?oc=5,文化財保存活用地域計画 認定,
2025-12-20,「今時なんで現金だけなんだ?」 支払い方法で苦情受けた博物館、法的問題は #エキスパートトピ(前田恒彦) - エキスパート,Yahoo!ニュース,secondary,https://news.google.com/rss/articles/CBMiiAFBVV95cUxON2xzbWhMdjA2eWhpTWFFeEdweGxvMEdTNWNLaG5CdHQ4eEVBMHRxMFFBN0lrLURGbWZjcDBabnFvNkRHYzJybnFON3hDaGN1ZnVOelJSWWZCbjVRYmZGdkVuSDFXd2t2NHpsUUU5XzYxY0YtOVF3TmUwdy1rZXR3UndoSXpqSFFq?oc=5,博物館 問題,
2025-12-19,町の記憶を後世に残す活動が認められる,town.okuma.fukushima.jp,secondary,https://news.google.com/rss/articles/CBMia0FVX3lxTE1Kc1JGVVg5R2l1bGFQUkpBb0NDamtCYXZ6Q29kcFVxQjhWb0ptbnFhME9KdTBDT1Jpd2R1VFkxU3lLN1gwaGVYMzdJNDVTOGNYVENuOGN2RzZJeHhqSWpJVUVzbFBvMU1WbUdj?oc=5,,
2025-12-16,沖縄県立博物館・美術館、指定管理者の決定遅れる 再公募の2者から選定へ 今管理者の美ら島財団は応募せず,okinawatimes.co.jp,secondary,https://news.google.com/rss/articles/CBMiXkFVX3lxTE9RRUV3R0s4VTRtTmtVc2k4Z2NMR3JtaGlnU2REcDVlWDM5N3Q5U1JCd0dodENQUXVkd1JfM25HNllkQWZOSE5Seng5SUE2ZjNKOHloTm5LU3cwel9Hb3c?oc=5,指定管理者制度 公募 決定 美術館 選定,
2025-12-10,文化財修理の資格制度で議論 | お知らせ | ニュース,jimin.jp,secondary,https://news.google.com/rss/articles/CBMiXkFVX3lxTE9PcnRSM3RpeXVvRnoyUE1fbWw1RFBSZXJ0dlU4R01zMnlNTDBObllCTC1iUXhpQnZvd3VuMUdtaDlYQmdwbmFuLWJyNElHTXBtQ1NlaXpDbk11YUtpUGc?oc=5,,
2025-12-09,【高島屋】第36回(2025年度)タカシマヤ文化基金 受賞者・助成先決定,PR TIMES,secondary,https://news.google.com/rss/articles/CBMiakFVX3lxTE5DQWpuZzV4dkxzVFdiSl9IOWRCUThjTThQUk44ZTM3WWNZZDdVQUFhMDJEczJZZGN4a0tScWdUWUMzSHc0U29oeVRQOXJNQ2NDWGVTS04yQWtzbFZTdlBKeHVNNWx6REJ2dVE?oc=5,文化 決定,
2025-12-08,藤岡市文化財保存活用地域計画認定記念シンポジウム「藤岡の歴史文化とまちづくり」を開催しました,city.fujioka.gunma.jp,secondary,https://news.google.com/rss/articles/CBMilgFBVV95cUxOVzZNaVVnNEZabTlwb0ptd1ExaUdGZE1TaDVnaXB1MzNFTVREV1pZcXpoY3c5NEJBNlpsb0x5ak9IVUI1Y083SGFRdGFsejB6MHpYMFJjNjhPQ3N1czJQa0NqWFNUNWEwb0JVNG9heFFCbkVWMGRra3FKUXlpWW9GYXJJWFVXYkNVcXl6M3pNcGJKZ25VQUE?oc=5,文化財保存活用地域計画 認定,
2025-11-21,鹿沼市文化財保存活用地域計画をつくっています,city.kanuma.tochigi.jp,secondary,https://news.google.com/rss/articles/CBMib0FVX3lxTE5GaTVFUUtwc2V1R0NqSXN5SVl3cFdtbzBaay1ady00c3pROVF3ZVR2azFWUFhNNEVCTkVQenRfMkRvazZBQVBBamtwdkZPaHRyQmtEMlZQMDRlVWVIa2l2R3M4QmNVaGxpZjYxRnNBbw?oc=5,文化財保存活用地域計画,
2025-11-20,「CBX MeetUp in KANSAI」の開催について,kouiki-kansai.jp,secondary,https://news.google.com/rss/articles/CBMikwFBVV95cUxQc1BOMTZhM3FpY0dzaDNwaTJUakxlakFNamczbWxpeXVMSGg4MUprSUJkaUVGd1h2MjB6TDFtTm96WUFabXZ1aTJwMDJQM3Y2Ui03dVJDZVlhd0FyX0lGcXNNd2NNbENpWDNQVFBxZnlTTjFsX0dHcTFuS2NheUJRRDJIUkNFcjNlQ3RObjRzNENtRDg?oc=5,,
2025-11-05,【AGU LiFE】<総合文化政策学部>「研究とフラサークルで培った文化への想いと知識を、鉄道事業で地域に生かす」公開,aoyama.ac.jp,secondary,https://news.google.com/rss/articles/CBMiY0FVX3lxTE5QN3UzQjZPbGF1TVM1LTdxc0VNM1haUUNwQWhuVkVPYlllbG4xVXF0WEpWZ2swOUQzS3A2SVJxX3dTU05aNE9PdFoweXQzeVhjNUgxTjJ0cVo1R1FMbFVrRjJnZw?oc=5,事業 地域 文化,
2025-11-03,平山郁夫美術館長 平山助成さん(83)=広島県尾道市,47NEWS,secondary,https://news.google.com/rss/articles/CBMiS0FVX3lxTE8wZV9TTEtob2ctY1otRmFTalZaZEtLV21YWmNjYS1YUlFJTjR3dmJlLURXR1dDaF9ZUE1CSmtrRV9BU1pOY0Q3SDBUdw?oc=5,,
2025-11-01,「真の意味で地域の宝に」高知の文化政策、多様な議論を! 県の指定管理者公募問題契機に有志ら初のシンポ,kochinews.co.jp,secondary,https://news.google.com/rss/articles/CBMiXkFVX3lxTE5yZWlDNXRmaHhRYW01ZzFIT3JMVjJMVjJjWnQ4XzVhc1dDUk1YVm9SMHppYmJDYWRoOVdFVGQ1YU03YkZhWXRvcjFuT04wSUZoQXBYYXlheXpNYUxVQnc?oc=5,指定管理者制度 公募 問題 地域 文化政策,
2025-10-31,特別展「和食~日本の自然、人々の知恵~」,pref.shizuoka.jp,secondary,https://news.google.com/rss/articles/CBMiigFBVV95cUxOM2tuUVJTVklYV3dPV3k2SXpnM0tkMUhKNE15ZDJ3Q1BZMTdTUXNxbXh1eVRhZV9uRkV1eGV2c2tDYUlZMUt3MmFqZC1hMXJTZlBjZWJLb2tfaC1Tc3k0ejR1RTNNQWw2VHF4ZUtobU5UNWx6N0xiczhJU2VtS180eEZCX2liazFyT0E?oc=5,日本 特別展,
2025-10-31,文化政策ラウンドテーブル高知が記念シンポ 議論は噛み合わず|中田宏,note,secondary,https://news.google.com/rss/articles/CBMiWkFVX3lxTE5YcUxQeE9IUDJSOTNBSTlPeVNQdC1FU0ZYc0FCbEFFcmM2OUVIRlRYX20xc1R1Q0wzaE1EZFM0Y2hlOGg5T0w3VzRzbGJyaG9SNkdoSWtBZzNoQQ?oc=5,文化政策,
2025-10-17,名古屋市文化財保存活用地域計画|名古屋市公式ウェブサイト,city.nagoya.jp,secondary,https://news.google.com/rss/articles/CBMib0FVX3lxTFBRdHJQNWttMUxTMDF3TWtSR0ZmSTJjMko5eXhrZTJDUkVQOXExZElIUmNKN0lFb1RLb05JOFhWSGd6d0ljakcxdGVnNm42UWZkVVNqZU9MRFlyMHhpSUVJQ2hiUWVHMU5tUFBFMkRiNA?oc=5,文化財保存活用地域計画,
2025-10-11,文化庁、文化観光推進法で拠点・地域計画の策定支援事業を公募、10月23日まで,kankokeizai.com,secondary,https://news.google.com/rss/articles/CBMiVEFVX3lxTE5oSlJHZUdKZDQ1ZUVkQ09qV3QteEJpb1FINmlwRk01WW9GN2FpRVhrWjE4Mm5NWThuVmRJaU10NElrZmsweGt4RWhzSktDSzdiYU5uZg?oc=5,文化庁 文化観光推進法 公募 地域計画 拠点,
2025-10-09,鳥取県の各種文化情報,pref.tottori.lg.jp,secondary,https://news.google.com/rss/articles/CBMiW0FVX3lxTE1BOUZVeUxEc0lyeW1pY19aU1V5WGV0UVJ5cE5nam44RWpXVUh1YmFxVHc0bGVPMXp6Snk0djNPM2NiZ3RTUzZFR1JIeVVyQ2s1SHlDUUdITm5CWnM?oc=5,文化,
2025-10-08,令和7年度「文化庁・府庁界隈まちかどミュージアム」の開催について,pref.kyoto.jp,secondary,https://news.google.com/rss/articles/CBMiZkFVX3lxTFBIY0xwcDFtckY4ZzRkcUVoeTV3Uk9qS19sZEo5bW16ajRjTXVsSGJhZHg0UlJnbzdXYWRHVDR1eEx5b0JHRWw2MXZubWFfR3k4SXpweXY4S2ZEalFQdEdPMjZpbHFJQQ?oc=5,文化庁,
2025-10-02,サウジアラビアが「MONDIACULT 2029」を開催するとユネスコが発表,arabnews.jp,secondary,https://news.google.com/rss/articles/CBMibEFVX3lxTE44cmV4Rm45dGdISTVTU3p2R3dkb1V5anN0QjNudmg1M09lSmJXemZBWmFyRjBpNGt1a09hRTBwNWhNNEJQR0IzR3ZMd3dhaUJNYy1VX0YzbmZ4RTd1YU96RnE1a0tNcUFWTVRXdQ?oc=5,,
2025-09-26,文化芸術・コンテンツ産業領域の政策立案・実行支援,PwC,secondary,https://news.google.com/rss/articles/CBMibkFVX3lxTE10VzVFX1Z5RkpiZUNWbDA5dmJGWFVZaFNrQy1OVUY4OFhZYVJ3b1FRNE5JZVlsWWlfSXZ5UlhfN0Jpam5fdTJGMVNnTlBNdkFjc1Mzci1VR3FYN09KczdhSDBuZGw0UkYwTFlGU09R?oc=5,支援 政策,
2025-09-26,文化政策チームのコンサルタントが語る 文化芸術を持続可能にするための、3つの価値の向上とその支援の形,PwC,secondary,https://news.google.com/rss/articles/CBMicEFVX3lxTFBfMU90bTVYX2pzRnR6dlN0TTFwaGN1TXlPX0k1VE1CTW5ZRW11OXN5WTZ4MG44VFlyRDdOR2d2cXRRekRxbHd1T0ZJZ3h4V2poSUk0OVdzbnVoRm95NDQwa183bXBhZVFoQlI4TjhfaDM?oc=5,支援 文化政策,
2025-09-24,「愛知芸術文化センター」の運営権譲渡先、中日新聞社が代表の企業グループを優先交渉権者に選定:中日新聞Web,中日新聞Web,secondary,https://news.google.com/rss/articles/CBMiVEFVX3lxTFBacFVrWjFoN2FOMm9fWW9JT2UwM3VFbnVFeVFvYkFhdFUzZFQ2Z3E3dW03RHEwUlNrbnRwbm5tOUtUcXJ4elF0YjE1cExyOTdLNmJzYw?oc=5,運営 選定,
2025-09-24,(募集を締め切りました)ボランティアスタッフを募集しています!(美術展・書道展)〆8/29,pref.shizuoka.jp,secondary,https://news.google.com/rss/articles/CBMilwFBVV95cUxNY1hmcDA3VHJYZW53MTRtUDVPUnJLbzRpSHp2V091Nm5ocjFPODBoeDdSTFpmNGhRS0NxYVRhQk9fME9tczJ4M1ZSTkszSGUwZ0dJLWNaeHliM0VEQ0Y3OUtXV0Q1NlB6RG9TTTk4enVOZ1hoSjJ4NXNibXR0MkV0RTl4LVgyMVpHNk9uemQ3RTY3dnRDZWxz?oc=5,,
2025-09-18,牧野植物園など高知県立5施設の指定管理者公募へ 直接選定を見直し [高知県],朝日新聞,secondary,https://news.google.com/rss/articles/CBMiZ0FVX3lxTE9EVkE0M2pEUHFvT3RzSjc1MUJuVG42RVdybEZFNjBHYVd5ejJhNjBaMnF5WGhhalhHdkxWd2FyLXhFN3lIZF8yUmdxS2hVdkJmdzFPQV9nWlF3cnEwT2xnd0RMcWlERzQ?oc=5,指定管理者制度 公募 施設 選定 高知県,
2025-09-17,「もっと稼げる」との考えか? 揺れる高知県立美術館をめぐり、館長や識者に意見を聞く。県の指定管理公募化の方針に、事業や雇用の継続性を不安視する声が続出,Tokyo Art Beat,secondary,https://news.google.com/rss/articles/CBMiZ0FVX3lxTFBCOEtRanhtcFYwclFyaUZ5Sm9zQ2JrUUJ5ak9ZdVlKajRHNlNpQ0x6ZHBVbjVqQk9ndDJtRUUxMDAzY1BkcFJjYWRNU2h5NVNHamVoTU1LRnpSVTFrVFNpaGdIZlFuQ2c?oc=5,事業 巡る 指定管理 美術館,
2025-09-14,韓国のコンテンツ産業はなぜ強いのか?「文化政策=投資」ではない、クリエーターが恩恵を実感できる環境をつくりを,Wedge ONLINE,secondary,https://news.google.com/rss/articles/CBMiU0FVX3lxTE10eHRnaFJPQmtDcFJLdGZEVkFKakZOclBnTXlsaC1GN2FyejhUUmR3dmhTa0htSkN4dmQtSGJ0OXI3TE1MUVBuUUNDN2xYeUlnSU9n?oc=5,文化政策 無い,
2025-09-11,【総合文化政策学部フェアトレード・ラボ】日本ハム株式会社とのコラボメニュー「大麦牛グリルサンド」を期間限定で販売,aoyama.ac.jp,secondary,https://news.google.com/rss/articles/CBMiaEFVX3lxTE5GcGFlc21JMUhUYk54UFJ2Yy1QX3lMUFNaXzFIVms2MUZGLWhGQTluVHAyNl9uR1F4cFVfMjZzNmZGQkpOVTNza0wzNzZwR2t0alI4MGlpRHM2MWdZNDdwcmRvZ2hhT1JP?oc=5,,
2025-09-10,3つのフィールド|総合政策学部,kwansei.ac.jp,secondary,https://news.google.com/rss/articles/CBMiYkFVX3lxTE1ROFhyYnJQQ2lna09hUHdlSGd4Yzdad0RaY3hWbGhobk9xZDZ6UzFfT1NUUUViRUpkSkctS1FZZmJsNjd3WHEyQThYeFVLV01heU5LSm5KRTVOWEFzTm5VTXB3?oc=5,,
2025-09-03,【AGU LiFE】<総合文化政策学科>「多彩な学びとオーストラリア留学から広がる未来への挑戦」公開,aoyama.ac.jp,secondary,https://news.google.com/rss/articles/CBMiaEFVX3lxTE5Gc1NqTnMyc3g5VndpS0pNYXlyNWhtUnBxWE5VanJsd2VPOVpNMmlVbG5Vd1pDTnV0XzNtTlRmeE5OeUtqVDVaeGhoRVV0YTlycjVsQ1lPRUVtTFIzR1pwNTZSNHdIM3Jm?oc=5,政策 未来,
2025-08-28,ゴッホ美術館、改修資金不足で「閉館の危機」,AFPBB News,secondary,https://news.google.com/rss/articles/CBMiUkFVX3lxTFB6ejhKa3hxbEdWZ1NjTGpvVVZFSUVfZk1Rd0pMZHJYanZ1T0ZpYzU2Qkp4ZmFuR0FjSUxSQjlRdFUwTkRSSFc0Tlc1WDJVOEVUblHSAVRBVV95cUxQTDY5T3phdGh2R1JjTW9lbVNCVTJZbmlHbUdqLU16TEdIMHFHQ1hRd1V6NjA4bUc5ZnYtMXgtcGhCUzhkZGZ1VUQ1WmRYM0dIRjI0MEw?oc=5,美術館,
2025-08-08,文化観光推進法に基づく拠点計画及び地域計画の新規認定 | 2025年 | 報道発表 | 観光庁,mlit.go.jp,secondary,https://news.google.com/rss/articles/CBMiXkFVX3lxTE13MU0tSHBGYzdwNk1jX0I3OF9MOF82dFE0RUJKeVdzcXo0NWg1YTRMUGl6UnJqU1hVN1VoX29rNWNJamNFSnFWZ3E1R0lGSWFuQ1pRbENSNFJEVzVMbFE?oc=5,観光庁 文化観光推進法 地域計画 報道 拠点計画 認定,
2025-08-01,高知県立牧野植物園、美術館など県立施設指定管理を公募へ 対象団体の職員は雇用の継続を不安視,kochinews.co.jp,secondary,https://news.google.com/rss/articles/CBMiXkFVX3lxTE0tci1YczJ5bmw2Sks1bVg2QklqYXR2RVlzR0VDekNKVm45eEFDd1BRUFZZUUtib2JJWE1tVWtEaDFlaHlHcjhua0JRTUJ0Mkp1N3ZqbnNrQjJCTks0Mnc?oc=5,公募 美術館,
2025-08-01,反発、不安、戸惑い...「博物館は収益施設じゃない」「県のやり方は乱暴」職員や関係者の声は?高知県が県立施設指定管理を公募へ,kochinews.co.jp,secondary,https://news.google.com/rss/articles/CBMiXkFVX3lxTE05SFJlTG1Dc1dCMEpvX2NFdXVRY2VjQnRTYmZCSzFWX2p3ZkJUVnVocnQ3d2JIOTE2U0g5cTVnQTMySW9WeEpLTnJuSTVyNEVfelR5ZVNZbS1iMXBOX0E?oc=5,公募 博物館 施設 無い 高知県,
2025-07-18,イェール大学美術館が「反DEI」にNO。連邦補助金を辞退し、独自予算でアフリカ美術展開催へ,ARTnews JAPAN,secondary,https://news.google.com/rss/articles/CBMiT0FVX3lxTE9zd3VoM0ZVRTdXUEYzNk1ZOU9Jc09VdzZmaWgzcUM2b05JNklUb1RDQVBQNXJwMGJXNHRaNjdlamZhRFpraUF6c05acnM0Ums?oc=5,美術館,
2025-07-05,高知県 美術館・博物館担う公益財団法人を「自律性向上団体」に分類 収益求める|中田宏,note,secondary,https://news.google.com/rss/articles/CBMiWkFVX3lxTE4xaWRKSVdXQmZDY3liQllBaXBiWkFYSEtjN0IyejFyeGRqRTVBNE8tcjhib1Jkano2QUZOVDRfSFFqejhfSUNzdlZiM21kVDN3ZDdzbF8tSDI5QQ?oc=5,博物館 求める 美術館 高知県,
2025-07-02,令和7年10月から大分市美術館の使用料・観覧料を改定します,city.oita.oita.jp,secondary,https://news.google.com/rss/articles/CBMijAFBVV95cUxPZUl4aE04b1ZkQnFoVGpSS1lxeVdnNmpIdnpfYmIxOHJaY0drNzFzbWpodTVWQVhyVzIyR0hkS3BYNk1qTk9qX3RsbmRrajZxeW45U2ZIbHhTamF5SUpQSUktRlhQLWRhaU4zcjNMVUgyeV83aXVxVmFBRjhOeHkyOVBVUVVPVzM5OENlXw?oc=5,,
2025-06-25,神宮前「ワタリウム美術館」が文化施設支援の新プロジェクト 現代作家とコラボ、新作販売で収益を支援金に - tokyo-np.co.jp,tokyo-np.co.jp,secondary,https://news.google.com/rss/articles/CBMiU0FVX3lxTFBuYVVFWDFram1wM0taR0N0NHJkRGxuc0ZLRUlLMVgwRkI2X04wNHVZSW9HczhpMFJDR3RibEp2MkdBN1FCY3B2Z19UTDZTTGh2cE1J?oc=5,支援 美術館,
2025-06-20,高知県 指定管理委託を直指定から公募へ 県立美術館など|中田宏,note,secondary,https://news.google.com/rss/articles/CBMiWkFVX3lxTE56cUtXekxuZ3hCd1hvQjUxYjYxUXJSUUNuUHd0X1NqN1dhclpXaXEySFpDWHRWeDRIRUcyYnNOUkxsNHhRUUtZV2lYYy1NYVVWRGdqN0wxM0tDdw?oc=5,公募 指定管理 高知県,
2025-05-27,文化立国実現に向けた国家戦略の構築(提言) | 政策 | ニュース,jimin.jp,secondary,https://news.google.com/rss/articles/CBMiV0FVX3lxTE9tMHJKN2NCTWRWY3NtRDVRWTFma2VIYUVFbXgxVkNqYXY1b1VvNmRreXhBNHJkWFhQN0NTbjkzdkJWaVFmeW42QjhnZkRCRzhzaV9yeGxlOA?oc=5,向ける 政策 文化,
2025-05-22,7月にオープン予定、備前市の新美術館を巡り 元市長の男性が住民監査請求,KSBニュース,secondary,https://news.google.com/rss/articles/CBMiUEFVX3lxTFBPQ1BEU1l0UXZfZ21lS1FaU3BLcDVQaVBCU1JfQUROLTQxckdYYW1SSUdvMFhEc0NabzktbUJqX0kxYU1keFY5azVLQmpKTU1h?oc=5,巡る 美術館,
2025-04-22,日本獣医生命科学大学付属博物館が改正博物館法の定める「登録博物館」として武蔵野市で初登録 ―国際博物館の日にちなんで5月18日に記念イベントを実施 - u-presscenter.jp,u-presscenter.jp,secondary,https://news.google.com/rss/articles/CBMiVEFVX3lxTE9JdmtTOEZXaUxHQ09wNUstdEVwZW1lZjJWU3RqMkduMXF4S2VHbFNodUxRZ0RHb3J2YmFxVUlSamRfQjFqMUo1VnE0TlAwU1ZSNnZjag?oc=5,博物館登録制度 博物館法 博物館 改正 登録,
2025-04-17,大分から世界へ 大分市美術館が「竹工芸」に特化した育成事業を本格化,大分経済新聞,secondary,https://news.google.com/rss/articles/CBMiT0FVX3lxTE5mbGZfTEhtR1NJOE9iYU5YbmRBMEhnTmJHM3lWcFk4dlRqRkRkNmtDbHZTMFhQUmNFY1ZtelZGRnExRDNiMzYyRFdHS1g0SGs?oc=5,事業,
2025-04-09,「坊っちゃん劇場」運営会社、休業補償の助成金3760万円不正受給 [愛媛県],朝日新聞,secondary,https://news.google.com/rss/articles/CBMiZ0FVX3lxTE9EekR1NTFOM2FNbWhYSGVfdENqODU1eUpkWmU4Z2lORmJrTjhfZ2tDYXBKNkFBNF9FZHNQSThaaG13WjlNRVdqZVVIRkhtWDNwN3R5S21HUU5xSGVubmpKUWM1bXlsUzg?oc=5,,
2025-04-08,坊っちゃん劇場運営会社が助成金不正受給で記者会見(2025年4月8日午後4時15分),愛媛新聞,secondary,https://news.google.com/rss/articles/CBMiYEFVX3lxTE1DS2tHOU10b1JqWkRCanFXbm10UFJmN1M5STVUZWFUZlJxektlV1dVMEtiSFQzejE1aERSOFR6b1pjREliOC1XQl9wcDBhLU8xWmlnNFZ2cmpSTGhTNzNGLQ?oc=5,,
2025-03-15,【独自】坊っちゃん劇場運営会社に助成金不適切受給の疑い 愛媛労働局が調査,愛媛新聞,secondary,https://news.google.com/rss/articles/CBMiYEFVX3lxTE80VFphRlJLZkpmei1JX3JDY0JUTTVOODdCYmlSeVp5UThqUWVzUWVuMGhBT201TUZvTXhZVlR3MkxCRTF6YldvSlpLSkNQY0dkWGZtNVVaWGxQMU92R2w3TQ?oc=5,,
2025-03-13,博物館法が定める博物館に登録しました,town.oiso.kanagawa.jp,secondary,https://news.google.com/rss/articles/CBMijgFBVV95cUxNRXVMSHRkQkZ6M2RkMGt6UW9pX3h1WDVUSEczVU0tVWNURHBSZXZlc0lqbC1WdXkxSm1KcDZpVjFyLVp6RFlEdjZLZDkwOEo5ejJDcU5qd3lyVUF0Wk9uWGZDb0JMdjJrcDZoTHAtWGc5R2hTM1A1OW1IbFVYdDI5QTVJcmc4X3UyX2UycmFn?oc=5,博物館法 博物館 登録,
2025-01-30,明治大学博物館が博物館法の定める「博物館」に登録,Meiji NOW,secondary,https://news.google.com/rss/articles/CBMiV0FVX3lxTFBWT09ueEU1M3RyeEJ6T0N5d2FaeVZqUEE2RUJOWHg1R2NZN1ZUOFc3OVNyY25rdVpGbjdob0dfemQtVTR5SmJxTXJKbmhXMDdITV9pb0JlTQ?oc=5,博物館法 博物館 登録,
2025-01-20,鳥取の天文台「さじアストロパーク」博物館に 博物館法改正で天体写真数千枚、資料と認定,産経ニュース,secondary,https://news.google.com/rss/articles/CBMidkFVX3lxTE1IWjRoZGR2cVFGUndtN1gzQVpONE12MG1YWEZwQkZvTGN2SlZMLWY3YktrcjByU0k4M2VDOWFZR2pMQkxWZzdLWndReGhQNU1Yc0NnRS1jeFJubFdlb2RzWU04aEFhQnNwX0lsYWtXZUJXODBIRVE?oc=5,博物館法 博物館 改正 認定 資料,
2025-01-03,「公演に必要な金額は3000万~4000万円」「助成金や寄付金でまかなうのが常」知られざる「老舗バレエ団」の厳しいお金事情,文春オンライン,secondary,https://news.google.com/rss/articles/CBMiVEFVX3lxTE9ZQm8tMUt0aUZIaG9JbjR5ZUpibHlxa1pOLTVXRUpLYVpHZ1c3QkFLYjdYald6RlpyWlV1SWNob1hFeG5kTC1Ic3lEelF4UTZwZWVBVw?oc=5,,
2024-12-25,文化観光推進法に基づく拠点計画及び地域計画の認定について | 2024年 | 報道発表 | 観光庁,mlit.go.jp,secondary,https://news.google.com/rss/articles/CBMiXkFVX3lxTFBEOG9YS3NBc3pXVGVVWkVFRzFPZmdIQnFNaEZkSUh3VWN2UGpsRDBIQUh4OFFKcGN2cktUQjVaT2Ztb0cxZkQtQ182OUEyZ3hncDBoWXJjRVRTMzdub0E?oc=5,観光庁 文化観光推進法 地域計画 報道 拠点計画 認定,
2024-12-19,千葉市動物公園が博物館法に基づく「登録博物館」に登録されました!,千葉市,secondary,https://news.google.com/rss/articles/CBMiYkFVX3lxTE5SLXZQMTB0ckVRYTB3U1JIQWJHRkJvaGJ3cWx2QlA4WEt1WW55VDFTS0RPY3FxVmEtZnVfVnFhazBHRkdhWHR6TTRWQzJfV0NCU2RGQXdydjlja0l2ai12cm1n?oc=5,博物館登録制度 博物館法 登録,
2024-11-02,ロマンスカーミュージアムも危機に? 「博物館法改正」の光と影、デジタル化時代で問われる文化施設の存続とは - merkmal-biz.jp,merkmal-biz.jp,secondary,https://news.google.com/rss/articles/CBMiSEFVX3lxTE81MDdNakxNTXNiVjlIS2F3S1duX2pLNnVsM3NUc1J4eWU2NVliNG9FOU9CYjFxR2JnbkZ6Q3N0QU52WG1ZTmV2ag?oc=5,博物館法 改正,
2024-11-02,ロマンスカーミュージアムも危機に? 「博物館法改正」の光と影、デジタル化時代で問われる文化施設の存続とは,merkmal-biz.jp,secondary,https://news.google.com/rss/articles/CBMiS0FVX3lxTE55alFRVW51VzdMOTNtTGJNLVdheDkwQUhHQ1hURkd4Tm1hSEliOTFMU1hzUGNXQ25uN01uMVo2SGd0N1Q3a190SFZhZw?oc=5,博物館法 改正,
2024-11-01,これぞ「大阪の情」やわ!元禄時代から続く人形浄瑠璃文楽に浸る,現代ビジネス,secondary,https://news.google.com/rss/articles/CBMiWEFVX3lxTE1VdzZrSnE3T2hUc0ZxejlHWVFwZ3R0Vkx0MUtHWUhvM3doWUdtZllvclI4cUc0a3pjQW4walhSRV9oTHR1dXBqTVBRNm8xa1NFUUxjRDFhZHY?oc=5,,
2024-09-14,牧野植物園や美術館など値上げへ 高知県の指定管理9施設、25年度から,kochinews.co.jp,secondary,https://news.google.com/rss/articles/CBMiXkFVX3lxTE4taHZodl9nV2NieHREX2J2U0N3cnB0N3JsRk5ud29Ec0VwMFVydkh3Znd6a21LOGYxYnB1RW9SLW12czJkSkt5UU5CMlItRWpnd0t4X2VRVENOaXk1Z0E?oc=5,指定管理 施設 美術館 高知県,
2024-09-13,求められる効率化、広がる指定管理者制度 持続可能な運営のかたちは,朝日新聞,secondary,https://news.google.com/rss/articles/CBMiZ0FVX3lxTE9tUGJPMUk5OEpRUlZaZGgyaFRWV3U0Q2VKMUFHMU0tV1Vad3ZFd0xOTFpOTkJhYlg1bFBtdVN2MXh4Sm9Fa042Z3psc1kyR2JSbXdRZWpLMnZMU1pWckRnM09YM0hGMHM?oc=5,指定管理者制度 求める 運営,
2024-09-07,【静岡県博物館協会講習会「新しいミュージアムのかたち」】 博物館法改正がもたらすものとは? - at-s.com,at-s.com,secondary,https://news.google.com/rss/articles/CBMiX0FVX3lxTE1XOFVQbHc1dmNEaHRpaW5sS1hkN21xM0hEa2dlTC1jejNsUzhSQTZpbDNsNC1VckFMV0tuVXAwbUI4Z3IzTDQxN1F4Y0pNM1ZtVWVDRFNRY0NZTkU3a0o0?oc=5,博物館法 博物館 改正,
2024-08-21,岩見銀山、香川県立ミュージアムを認定 文化観光推進法の地域・拠点計画2件,観光経済新聞,secondary,https://news.google.com/rss/articles/CBMiywJBVV95cUxPN3Y0REhKcmRjTUNxS2VHOTgybDBBNTd3ZXlnMDVHNzVwZS1wS05kN29ZalVxa3VPRGxGd0ZMU3hGTmhPazJsa1FYUjI5NGpiRGFFd3lXanJVSXZQT3NkOXFJZ2gtREtUbkYxN01VUnFXWU9wbFZoRnBjVWhPZmNFVU5rVjBxeGVMTHJEblhPVGFRMEVnUFlrWmQ3UDFmWW1BUG9wQ0tRVWJRRll5WnpnQlpBUEwxemhRaXp6X0hxQVpRUGw4c3NSaGdCbVNEazc3UHR3MFhRem4wYmhOemZRUmFSR0lvS29jQmtLVlZRejlPSnNmSUkxZ3Z1NGRKT1NlcG9SRHZhYWVUOUxTaWtRMEV6M1FndDE0VVFjQzNQd0g3LUdZdWV4anctNl9DUnJZTjZCekk3ejViZTVDNTNjSTN4VkNCZGg4Zk5n?oc=5,文化観光推進法 地域 拠点計画 認定,
2024-07-11,知っていますか?「文化観光推進法」《遊民通信》92,NEWSつくば,secondary,https://news.google.com/rss/articles/CBMiS0FVX3lxTFBFRUVXbTlueEhGRnlLTXBZNEFyNU1CU2pWVkRYSUN4cXh0OFV2MFZNYVJPUU9qeU9lWjFsQzNlbzFZUnlLTGc2SWs3Zw?oc=5,文化観光推進法,
2024-07-08,ロマンスカーはひとつの文化?小田急が鉄道会社で初めて「登録博物館」を持てたワケ,ダイヤモンド・オンライン,secondary,https://news.google.com/rss/articles/CBMiTEFVX3lxTE9meDRvRTJhZHUyQ1hBN0ZSQ1F1MGxTaVV3VWxIc2dVQlUzbzRHVnlQVFNxUWp0MDZ5S1NKeDlxeWQwZmJlRnJqMjlOM2jSAU9BVV95cUxQcUtIRVE3Q2JGTzF1bHlqaUFyTEE0R3k1MGZ0dzRvbVdFbm5Wd1lubXJWaXg5S1JrSms5M0w5Vkw1RDJPbWRtLUZYVTA1Y2R3?oc=5,博物館登録制度 文化,
2024-06-15,愛知県が美術館の運営を独立行政法人に移行検討 効果は?課題は?,中日新聞Web,secondary,https://news.google.com/rss/articles/CBMiU0FVX3lxTE9IeUJod2VSVFlIbGNSazZkZWFUdEM0V0JaOWthT0Fob2lwdFlORTlsanBodnNlSUV5YXpTRnZiLXg3dnBIZDgzYW14LTUtWlk4dHgw?oc=5,美術館 運営,
2024-06-08,嘉穂劇場、指定管理で31年度再開へ 水害被害、コロナ禍で経営悪化,毎日新聞,secondary,https://news.google.com/rss/articles/CBMiaEFVX3lxTE5adHF5U3hnWDQ1Vzlab1JiVmdDX1E5RmJxcGxVN0FDaHZidnN0ejJsMDNXZHZLWEZTSlRSa01ZOEpLUjRIcmN2bjJoNm95SDBEN01MVHdQTFN2Zlkya2FwR1BHNkYtVTRY?oc=5,劇場 指定管理,
2024-04-17,愛知芸術文化センターの維持管理にコンセッション導入を検討、県が基本計画を公表|新・公民連携最前線|PPPまちづくり,日経BP,secondary,https://news.google.com/rss/articles/CBMiakFVX3lxTE9xZXBqRGE5UEZNVk0yQjQ2bVJha19VRk13Z2U3WWdMU1lFcXYwSnFWZ09FNDRRUmhNOXY5cDJvNFc2RktTbVNkTHlHTHZ3TjhuWHM4TjlHUHlKdnpDTTZIQjVKcmNTdGxzb2c?oc=5,,
2024-04-12,「金沢21世紀美術館」や新潟市「マンガの家」、指定管理制度でプロ目線の集客,日本経済新聞,secondary,https://news.google.com/rss/articles/CBMibEFVX3lxTE1iMVJfa3NaZThUaGlBNnh0OEYzeWhpZDJ0YlpaZHg3dV9DektwRVVpWmFQa2J6LXRBUTN3N0U5ZnFBeDd2LVNsQU5VRElFeGtzQkpCejNqZmwweHdSZmdGZVQ5RkFpS1U3WDJBOA?oc=5,指定管理,
2024-03-24,学芸員が助成金を着服...丸木美術館、男性職員を懲戒解雇 勤務開始から約2年で169万円 寄付金は被害なし,埼玉新聞,secondary,https://news.google.com/rss/articles/CBMiZEFVX3lxTE9VTm1YN0xROGdlbktiMkxkV1RvSlQ0aUFZa29CbmtqWjZtWEFCWkFQZlJQUTJWYUJBVjdyNFFiMzVCenhiWEFPNV9ZSk5xQ2t1YTdLbDRWRDRSZkZQNTdDRkRPZ2M?oc=5,美術館,
2024-03-22,「指定管理者制度」20年 変革期迎える美術館運営,毎日新聞,secondary,https://news.google.com/rss/articles/CBMiaEFVX3lxTE5md0RERC1MVmQ2LXpqZHE1XzVJRG9ObUw5X3AzWjctZUxTUldrWGFyX1lqWGNBNUxiWG41NmNuUUdBbEdsZE5zcmRFMmZaMzFiVmt0M0R6LU5rVTF1aVFIS1NralVfZjNI?oc=5,指定管理者制度 美術館 運営,
2024-03-07,E2678 – 図書館に学ぶ資料のデジタル化とデジタルアーカイブ<報告>,カレントアウェアネス・ポータル,secondary,https://news.google.com/rss/articles/CBMiRkFVX3lxTE5IVnVBb2Z1RnNBR3FOLTh4aXIwajVfQk9zRmdMYkprNVZqaFM5UUVyenBBdlB6alRLdnU3dEJnblZfNG9tU3c?oc=5,資料,
2023-10-28,美術館・図書館・劇場...「指定管理」20年での変容,日本経済新聞,secondary,https://news.google.com/rss/articles/CBMibEFVX3lxTFBmN3JuWjQ5c1p5OVRQZUpITW5sX1NuVEpNNXpEMlgxRWZBS3dib1VwRFhDcE1TZEk4RUNQLVBXVWZjeG8xY1I0dW8xVGRtbWQ2ckZTcnZ5UWhCcnVIWnNOOVNNNFd6S1hoWUgxSw?oc=5,劇場 指定管理 美術館,
2023-10-25,指定管理者制度で「運営現場が疲弊」 公立ホール団体が改善求め提言,朝日新聞,secondary,https://news.google.com/rss/articles/CBMiZkFVX3lxTE9sa3JZRlNIbU9TX3g0cVFCaFhKWTFzN0RkSVVXWnE0TkozNU11cWxMZzJvUGItb2pwY1YzbEpvdVM3RjQ3a0V5bVY1TXc3WEtPWWdTY1UyZlAxWTlDT1JWWWFibmpxZw?oc=5,指定管理者制度 求める 運営,
2023-10-24,指定管理者制度20年の功罪(中) 撤退・応募ゼロに動揺 劇場・ホール 役割の再定義を,日本経済新聞,secondary,https://news.google.com/rss/articles/CBMibEFVX3lxTE9zd3J4RWFTTmEtaEFvLXgyZ2NOZWc4bGxhWnZ4NkV4a0JQcVlNcXlWX2ZGNVpnaHZrY2syZFZvX0ZVOUljX2s3SnlZVzlnOS1CdW9fQnJyTkZxU1dpRzBCVjJkc19Fc3VEUHlDWg?oc=5,指定管理者制度 劇場,
2023-10-23,指定管理者制度20年の功罪(上)効率性と学芸機能の間で 美術館「人材どう育てるか」,日本経済新聞,secondary,https://news.google.com/rss/articles/CBMibEFVX3lxTE00WWVXQTVXeURfc2x4a0lIN21HTWgtcmR5LVU5ZE5KUlk4TTFMNFNBRjRMTlRnN0NhMEdTR0NvekZqN05uTEJGaEk3QWVyXzhxb0hQa1dvMy1jZGtqZmRadExPSXYxRXpUNHJPTw?oc=5,指定管理者制度 美術館,
2023-10-12,最大1000万円補助!【東京都】文化施設のインバウンド対策!美術館・博物館の国際化支援補助金 - hojyokin-portal.jp,hojyokin-portal.jp,secondary,https://news.google.com/rss/articles/CBMiY0FVX3lxTFB1LXhzMXB3T2daTDI2YklQWmJhTDF5YlJuamJfRVZuLVBkSXliZFpyRk5QR1Z0OWRFVy1DMW9GOGcta1YyT3NkV1lZUS1id3JQWmdaang4TldMRVJ1UjRobmRGbw?oc=5,博物館 支援 美術館,
2023-10-08,県立近代美術館ロゴ投票 改正博物館法で役割拡大、地域活力アップの一助に,秋田魁新報電子版,secondary,https://news.google.com/rss/articles/CBMiYkFVX3lxTE9lZTEtSWhqMkZ2QmlSSURaU1J2MjFDc2RuUGl4LW9RcUcyR3cyVFQwUm9ZNnpfZC0yTW1hRmhzREgxWHptZFFFSWpUZ18zaEY2R2k1M1JOZVdTUUtueTN6Z21R?oc=5,博物館法 地域 改正 美術館,
2023-09-05,文化観光推進法で6件認定、北海道立総合博物館や石ノ森萬画館など,観光経済新聞,secondary,https://news.google.com/rss/articles/CBMizAJBVV95cUxPa2ZZUVN3YU1PeTduR2VrbTBjYTVzV2NnOTRVOTdYR3A5TUxNZWU1b3JYakJnYlRhQTFLaUh3anJCSlBYa1kzeGdrdkw1MHpCRU1GbkJTMnlELWtnZUo3ZERPNGVRYTJtQ0k3dWdlSmNNZ3UwdkxIeVRTTnNYLXlSZUc3TTJ2aUdyVkJUWnNfVVB2NGdCZWloUXhvSTVEVDlTS1M5SEo5VllsRk9UNkJrZF80ME16SjljWkhxNi1XdzNPMHZsWmNqWHU3ajdla1U1TjR3R2E1S2lkRFVsODFrSlNmRzA2TmV0MzlSejRYb0puNXZtaGZlSlZSQVFqaFE0T2xkZ1BTdVBjdjQxNmlTbWNHQ3JTZXowbXJGcGppdTdXcXVhQ1RNWTNfT25qN1hfSDdFNHc5c0JOalp4UzBFOHd0djVoZUUzVUxZUg?oc=5,文化観光推進法,
2023-06-21,フランチャイズ・オーケストラ誕生 地域の文化拠点に 劇場法後押し [静岡県],朝日新聞,secondary,https://news.google.com/rss/articles/CBMiZkFVX3lxTE5OWHd1c3hWdG5DZ3lNV3hMUWxWYjBzYVdzc0F6OG9hSDlFYnFHNmwxY3AwWDZiWFBtOC1xSGI1WkFQSlMtU0FVa1F5WFlXa1dXXzh6dlRfUFUzVzBoYmFjcUo5QVFYQQ?oc=5,地域,
2023-01-17,文化観光推進法に基づく拠点計画の認定について | 2023年 | 報道発表 | 観光庁,mlit.go.jp,secondary,https://news.google.com/rss/articles/CBMiX0FVX3lxTE1Zd3NDTWY2Wmp6NG1OdlpuRWVwVDZrbzMyUVlEVEFwMExHV2VqQXlGLW5qMVhBVHJEWjQxYU9uWWlKQXgweGtUaFMxaFNlVlRwdUgzdGllX1FVQXg2NkJz?oc=5,観光庁 文化観光推進法 報道 拠点計画 認定,
2022-12-01,文化観光推進法に基づく拠点計画が認定されました!,pref.gunma.jp,secondary,https://news.google.com/rss/articles/CBMiUkFVX3lxTFBqS1RlSlFYbi0yc3ZWUDFCdktWZDhZWEdoS3hlTy1xR0hhbHBrUmV3cjNZaFp1S05hUk12UE4wMHZwYVprOHVxRlF5RUFIWWp5RWc?oc=5,文化観光推進法 拠点計画 認定,
2022-08-02,博物館法改正、登録メリットは 規定外施設、現状は8割,朝日新聞,secondary,https://news.google.com/rss/articles/CBMiXEFVX3lxTE1mUEpvS2M0eXlJOVFJSVlscTRBRk82U1NJRDBPU2pTRkw1cnNYTHNFVFo0cnV2WGdWUHJFZGdlTmpnR3B0V1ZHVVYydVVsODNNaHhEZmZRNFV6bVh0?oc=5,博物館法 改正 施設 登録,
2022-07-28,PFI、地方独立行政法人化...大阪中之島美術館に見るこれからの美術館の姿,美術手帖,secondary,https://news.google.com/rss/articles/CBMiW0FVX3lxTE1tNlM2V3ZRYmlfUUNGcTB2Yi10U21Ob2FpT3Nqak5iMm5oVUJpREJObW5VRnlMTEtUWjJjNkdTQ0U0bTNwZ2pxNC12b09BaU5NbW5jYUxCVTlXTHc?oc=5,美術館,
2022-05-09,【特集:日韓関係の展望】黄仙惠:なぜ韓流文化は世界を席巻したのか?,keio.ac.jp,secondary,https://news.google.com/rss/articles/CBMigwFBVV95cUxON1prczZtOUdFN3BRSDV0QkxSMFEzOHRRUkdtYjl6R3FuUmZpeTlQT0FYQUo5WmFUdkhlRXFQbjQxVjlWbTBkR3dyQ3d3YlM2REtjRHBZeG5HVElPbnBxVGtjQlVRWWtpZWN4Wlc2N2FjTzNDRUE1REV3NlltVzJyNnlCaw?oc=5,文化,
2022-04-24,浦添市美術館、指定管理者制度を導入 民間ノウハウ活用でサービスの質向上へ 応募は6月15日まで,琉球新報デジタル,secondary,https://news.google.com/rss/articles/CBMiW0FVX3lxTE83bWZXS2VvNWhzX29pYU9CbGVnZFJlRTlXbU9YVkg4VzdURDFRMmxvdklHcnh2djJOVlZNLUlxNHZ2UjJ6UHQyZ2VzRU8taEdCUVhOOGFyaVlWNG8?oc=5,指定管理者制度 活用 美術館,
2022-04-18,新指定管理者で再始動 多田館長 「木育の拠点施設に」 国頭・やんばる森のおもちゃ美術館,okinawatimes.co.jp,secondary,https://news.google.com/rss/articles/CBMiXEFVX3lxTE1VTVhsWV9RcnFTYlZqc1hBNmkxZ0xTN21xQkUtYzVsQXlCZFZjTkJmeDhPcUQ3SVFoZ1cyT0RPM3UxQ2xFeTlfbXdaeHFMM1QxNWZLaUJ0czREVmxP?oc=5,指定管理者制度 拠点 施設 美術館,
2022-04-15,博物館法の一部を改正する法律が参議院本会議で可決、成立しました,mext.go.jp,secondary,https://news.google.com/rss/articles/CBMickFVX3lxTE5jWnBiZTI3SUMyWTJYXzhnQVZVZnN3UHprVVJZNWpLY05PQ214RTkwWG5hRFlfN2l0MXZEWlRVR2JYS2FzVXlncGp2RkwxVjFnZHRPaWN5c2ZueGlmTWtQdXJvenRFa05zVTE4RVhrMUxXUQ?oc=5,博物館法 改正,
2022-04-08,改正博物館法が成立 | お知らせ | ニュース,jimin.jp,secondary,https://news.google.com/rss/articles/CBMiXkFVX3lxTE9HcXVxUGhaQkdkeEdxZGNqdml0UzNRVzBjWVJWSlRvemZBSk9qcXRsd0MyM1BSb0toVzRUcTBDOFl5OERMOUtzMkthNUtMTnhBTW5VZkNjekhzcXVQY3c?oc=5,博物館法 改正,
2022-04-03,文化審議会答申を博物館法改正問題―市民の学びの自由と権利を保障する博物館の自由をめぐって(長澤 成次),自治体研究社,secondary,https://news.google.com/rss/articles/CBMiTkFVX3lxTE9RYkV1Y19SQ3BIRUdfV2pJbG5uVkdVZ0hzLUlaUEdNYS05Q2JNcEF6TmJReDVwX3Q5LWUyS1pfVXIwYnB3bWJFSDNlanJ4UQ?oc=5,文化審議会 博物館法 博物館 問題 巡る 改正 答申,
2022-03-24,政府が改正目指す博物館法。登録インセンティブや学芸員の処遇改善など課題積み残し,美術手帖,secondary,https://news.google.com/rss/articles/CBMiYEFVX3lxTE9qOHI4cnhPSThmLUdPYnBlWnRTdTQ5d3pQNG1pQ0I5TTNPM3JCTDJQcGdQY3lLVGlFMXFYUkZVSW1jSnBIVXp3R3kzbEhPcjhnaURCazJ1dWxiSXhRMkowbA?oc=5,博物館法 改正 登録,
2022-02-27,イタリア国立21世紀美術館(MAXXI)のサステナビリティ推進に、政府が約20億円を助成,ARTnews JAPAN,secondary,https://news.google.com/rss/articles/CBMiS0FVX3lxTFBqZzJ3RTdabXJoMlFDRnVrVXkwRGo3bG1FZ0VvTi0zbzJpY2NJOVlhbFg0cVJZOXJwYXBja3BkMU1JdzlpemhmblVRMA?oc=5,国立 美術館,
2022-02-22,博物館法改正に求められるもの。これまでにない研究費と交付金の新設を,美術手帖,secondary,https://news.google.com/rss/articles/CBMiW0FVX3lxTFB5SkUtczJIZHZzbFJqdmgzT2F6aWNOVVFxUzA5eEw5MVQtTHBiTEwyeXN5clI0dXJUZ1RjUzJNWXA3d1hKSFhxeTZ0LWdETWtvSmxNU2RhNGFwNUU?oc=5,博物館法 改正 求める 無い,
2022-02-22,博物館法よ、お前もか。,美術手帖,secondary,https://news.google.com/rss/articles/CBMiW0FVX3lxTE5VWjJ0bWF3amVidzZ4aGF6dEU3N1F4YjFGM1RwQW1MUTBkZjlxdjZvQjZHN2hDMWFZdWoxcnVoMVd6Wm55Tm1KWklsaENodEs5MmxocjU4bWxVTjQ?oc=5,,
2021-12-07,<社説>文化芸術基本法 より実効性ある施策を - tokyo-np.co.jp,tokyo-np.co.jp,secondary,https://news.google.com/rss/articles/CBMiU0FVX3lxTE1BQlJ5NnNSakN6SWVRVE9JTTBOU1RiVmJhMmcwMUl1MFRqeTBMWXBQWXdBQmliblVsaUh5eDZHUHo3dFNjU3N1aXlUMWExSl9VS2dv?oc=5,,
2021-11-27,<文化は権利だ!文化芸術基本法20年>(下)「無駄遣い」批判乗り越え,中日新聞Web,secondary,https://news.google.com/rss/articles/CBMiU0FVX3lxTE9mOUF0eUpUTFhXcXk5RzFHbmJ4NVNfNVBhUzViZGtrbFBxbTJmY0s4M1EzTHNYWjliRi0xZU80R0twS0Jid0hVS28wR3h6TFFlMTdZ?oc=5,文化,
2021-10-19,第9回 文化芸術施設における「運営重視型PPP」の要諦|新・公民連携最前線|PPPまちづくり,日経BP,secondary,https://news.google.com/rss/articles/CBMia0FVX3lxTE9RS3l4UG9lMjdCVzh6V1Eyb3lKNFBBWUdqcGswdXJlWkN6M0lBWUxRS21xZTA1cXBBTy1Sa1VXOGVDZVNXR3Z0cFZGd016d000bXMzVlA0NzhCOE94OHcxbnpkVEI1OUNyNWdr?oc=5,施設 運営,
2021-09-16,「博物館法」はどう変わるべきか? 博物館学の専門家が問う,美術手帖,secondary,https://news.google.com/rss/articles/CBMiW0FVX3lxTE8wVXBmQUFzZEJkdFRLWG1GTmQwNmRLVndyNm9JNHVmUllFTk02TUpNZHFtTHNncDBlb1hfZ3Z1cWJZTFdvQTFfRUxTOTdPb3R2RmkwTGU3X0dvbnM?oc=5,博物館法 博物館,
2021-06-07,博物館法見直し 質重視 認定施設優遇、中小は不安,日本経済新聞,secondary,https://news.google.com/rss/articles/CBMibEFVX3lxTE1vdzhUSjBNa0xucEhBQmZOYURUbVNyY2dFUlkzSXJJVWNaYlUyUjNUREFvNVUtZ28zam1vS3RGU1lTSFU4eU5zUERKQk9mSWNDOGdDNkx3N1RFaUlkU0x4WlRyNmdZQ2U4enZXbg?oc=5,博物館法 施設 認定,
2021-05-31,観光庁、「文化観光推進法」の支援拠点・地域計画を新たに15件認定、金剛峯寺など,トラベルボイス,secondary,https://news.google.com/rss/articles/CBMiVEFVX3lxTE1Ud3dsU25JalpuX0RmcEM3ZHJtOHA4X2JKcmRlQ05QN3g2eVFCT3ZCU3o1bi1rSk8xbFdqbVlCbVZpLTUwejdGSE9fSUxIY3R4VHFaZw?oc=5,観光庁 文化観光推進法 地域計画 拠点 支援,
2021-05-25,文化観光推進法に基づく拠点計画及び地域計画の認定について | 2021年 | 報道発表 | 観光庁,mlit.go.jp,secondary,https://news.google.com/rss/articles/CBMiX0FVX3lxTE5PTnVxbE5wRW5xQzNWbDZ2T003U2VBX0ZnQVAyczh0WVZ4Ti01UWFIRXdleXVRSVpoUTBLR2U5dkt6Y0VKSG5aa0JkNkRZeFc2Nkc5a2ZhVVlibjV5WkpJ?oc=5,観光庁 文化観光推進法 地域計画 報道 拠点計画 認定,
2021-05-24,短期集中連載:ミュージアムの終活(または再生)(1) 指定管理者と独立行政法人の課題,美術手帖,secondary,https://news.google.com/rss/articles/CBMiX0FVX3lxTFBKUGxRcDNSU3BZai1yNlh1YTBTTC04UVdPVW5hcFpFdGVTemRzdVM4eE1ZdDJaR203N25FQXFRaGpSUVU0aEhQUklPOTRCM0pPLXR3aVBvUHVDRW5jYmpV?oc=5,指定管理者制度,
2021-02-10,枝野代表らが一般社団法人日本エンターテイメント連盟から文化芸術基本法改正の要請受ける,立憲民主党,secondary,https://news.google.com/rss/articles/CBMiUEFVX3lxTFBTTVJ0WW4wM3ZWeDFuNGwyUllDSC1DbGpxSDlUTzVNZDBab3ZRUWVPelpsdVpHX2czSnBXa1pCN3JXMldhTnNvTXRtT0N4SlZs?oc=5,一般社団法人 改正 日本,
2021-01-14,UTokyo BiblioPlaza - フランス都市文化政策の展開,u-tokyo.ac.jp,secondary,https://news.google.com/rss/articles/CBMiY0FVX3lxTE9mZlRHdUdTNTBsUmNBUGRkR0xMVkkzcmNTM29tbWgtOEN6NzJ3ME9RbTRiUVplWWtqbUJ2RUFvcE52U0tWWDV0RUxXbTk1aXhmdEJMTXBlVkRsYmNTOElxbWlnWQ?oc=5,展開 文化政策,
2020-11-11,県立博物館・美術館の指定管理、応募ゼロ 来年4月からの「後任」決まらず 県は再公募の意向,琉球新報デジタル,secondary,https://news.google.com/rss/articles/CBMiW0FVX3lxTFBObW5JeHhoTks0a2FKZUI0OXE0cFV0SDVIQ2lyWGFwRkRwdFhVVG10ZGx3U2ZFUFplMS01NllTM3pWY3VWNmI5OURRbGY2N09fRHp2UEpucndzME0?oc=5,公募 指定管理 美術館,
2020-07-06,イギリス政府、劇場やコンサートホールなどに約2100億円支援へ コロナ禍で危機的状況,BBC,secondary,https://news.google.com/rss/articles/CBMiTkFVX3lxTE12LVJIVDltdG84NDFTZE5IbGRiejJpcl9jeWpXSVh3RzJGSmI4c0ZDNTA0NVNxVE93dkFDNmo2SFBPZWJ6ajVtamVXVG1wZ9IBU0FVX3lxTE9yRGRLMGV4c0Y3bDgtOHhWT3VLTktUUWlYd2RRT1VNeTdvWG9UZGZwMDl1bUc1VzlPOFhSZTdrM1diTm1jek5yWUtWY2Fqcjk1NTBv?oc=5,劇場 支援,
2020-06-02,劇場運営にかかる経費と持続型給付金がもらえない訳 - クラウドファンディング,クラウドファンディング - READYFOR,secondary,https://news.google.com/rss/articles/CBMia0FVX3lxTFBNbkx6NkVCekxfT0gxZFEyUnhpY2xfRlRYNlBGX3dvNE03SW5lQnFQYnMxV1UwNHMwOUJMOXpwQS0ycHF2ajRFelc0b09TSGtmQTdWY3k1TENZeDJiLUdlLWR5a1hHbUZQYTNF?oc=5,,
2019-10-18,補助金不交付「個人的にも、国立美術館長としても反対」あいちトリエンナーレ検討委座長,毎日新聞,secondary,https://news.google.com/rss/articles/CBMiaEFVX3lxTE9ZeHRDN0YwZENwbW1zRFlqNHhSRklubUtBYm9KODRGc3I5SlBXa2VteGVVMjc3TGd0bGhlV253ZjhlYkNfODdnUUJST1p4M1MwOVFjcDYwckc1MUU4ZE8tWmZVQng2OHlG?oc=5,,
2019-02-15,≪3/8開催≫特別講演会「文化と社会 ―文化芸術基本法改正、「新・文化庁」、そして日本博―」,valuepress,secondary,https://news.google.com/rss/articles/CBMiW0FVX3lxTFBkbTkzSE9XYkU1bFpGQllSYWlkWHc1QXNvWUprcTZVOEZvSUl5M3ktaDRfeDlNWUN2RnFzNHpmX1dKN0ZMSnVCaVpFM2pLbjZMNUY3QVROcWVia0E?oc=5,文化庁 改正 文化,
2018-07-05,シリーズ:これからの美術館を考える(2)指定管理者制度から探る「サヴァイヴィング・ミュージアム」への道,美術手帖,secondary,https://news.google.com/rss/articles/CBMiX0FVX3lxTE44TUFZek5MRENEQm9IR2thWXpyUldMM0I0TUtzOHEtcW5YSmN5OW5iQzZJVkVOb2hkVXpPdFF2Tjg3eG1EU29qUEtPaFFRQm84VXNmVHpaX0x2RDVQVy1n?oc=5,指定管理者制度 美術館,
2017-07-21,日本学術会議、提言「21世紀の博物館・美術館のあるべき姿―博物館法の改正へ向けて」を公表,カレントアウェアネス・ポータル,secondary,https://news.google.com/rss/articles/CBMiS0FVX3lxTE5Id2RyeWxVeUFZR3hnVUdHZ1B2cHhjaXF3ci12Ukl5SDB2MDE0ck1ZcmNNbmJCWTJmOEhxNV90WndoWkJ0c1cxWHVRQQ?oc=5,博物館法 博物館 向ける 改正 日本 美術館,
2017-07-21,「文化芸術基本法」の意義と課題 畑野君枝衆院議員に聞く/「表現の自由」を新たに明記/予算拡充の契機にしていく必要,jcp.or.jp,secondary,https://news.google.com/rss/articles/CBMidkFVX3lxTE9NcDFsTmpxaWpZdGdEeW0tZTA2amthS1lHcHROVTdRZ1FvdDZENGFqVEhVRGNlM2E2d1lBWkJjeUliM0EzcTVoZ1ozQ3NQYXNKM2R5MGVMNFFfa3AyUnVLZUxlY1A4M3pNZl9keHptT0NpU292Z2c?oc=5,明記,
